-- phpMyAdmin SQL Dump
-- version 4.1.14
-- http://www.phpmyadmin.net
--
-- Hoszt: 127.0.0.1
-- Létrehozás ideje: 2016. Nov 11. 18:06
-- Szerver verzió: 5.6.17
-- PHP verzió: 5.5.12

SET SQL_MODE = "NO_AUTO_VALUE_ON_ZERO";
SET time_zone = "+00:00";


/*!40101 SET @OLD_CHARACTER_SET_CLIENT=@@CHARACTER_SET_CLIENT */;
/*!40101 SET @OLD_CHARACTER_SET_RESULTS=@@CHARACTER_SET_RESULTS */;
/*!40101 SET @OLD_COLLATION_CONNECTION=@@COLLATION_CONNECTION */;
/*!40101 SET NAMES utf8 */;

--
-- Adatbázis: `egyosz_honlap2`
--

-- --------------------------------------------------------

--
-- Tábla szerkezet ehhez a táblához `config`
--

CREATE TABLE IF NOT EXISTS `config` (
  `currentTheme` varchar(15) COLLATE utf8_hungarian_ci NOT NULL COMMENT 'illyesnapok/egyosznap(/tanarertekeles)',
  `maintitle` varchar(15) COLLATE utf8_hungarian_ci NOT NULL,
  `titleYear` smallint(4) unsigned NOT NULL COMMENT 'Title - Year (eg: Illyes Napok - 2016)',
  `date` varchar(20) COLLATE utf8_hungarian_ci NOT NULL,
  `deadLineDate` varchar(19) COLLATE utf8_hungarian_ci NOT NULL COMMENT 'eg.: ''2016-12-05 23:59:59''',
  UNIQUE KEY `theme` (`currentTheme`)
) ENGINE=InnoDB DEFAULT CHARSET=utf8 COLLATE=utf8_hungarian_ci;

--
-- A tábla adatainak kiíratása `config`
--

INSERT INTO `config` (`currentTheme`, `maintitle`, `titleYear`, `date`, `deadLineDate`) VALUES
('illyesnapok', 'Illyés Napok', 2016, '2016. 12. 19-21.', '2016-12-05 23:59:59');

-- --------------------------------------------------------

--
-- Tábla szerkezet ehhez a táblához `lecregistration`
--

CREATE TABLE IF NOT EXISTS `lecregistration` (
  `studentId` smallint(3) NOT NULL,
  `L1` tinyint(2) NOT NULL COMMENT 'lectureId-timeline:1',
  `changes` tinyint(1) NOT NULL,
  `ifAbsent` bit(1) NOT NULL,
  PRIMARY KEY (`studentId`),
  KEY `lectureId` (`L1`)
) ENGINE=MyISAM DEFAULT CHARSET=utf8 COLLATE=utf8_hungarian_ci;

--
-- A tábla adatainak kiíratása `lecregistration`
--

INSERT INTO `lecregistration` (`studentId`, `L1`, `changes`, `ifAbsent`) VALUES
(1, 19, 3, b'0'),
(2, 3, 2, b'0'),
(3, 20, 2, b'0'),
(4, 20, 2, b'0'),
(5, 19, 2, b'0'),
(6, 3, 3, b'0'),
(7, 14, 3, b'0'),
(8, 14, 3, b'0'),
(9, 14, 3, b'0'),
(10, 13, 3, b'0'),
(11, 8, 2, b'0'),
(12, 19, 3, b'0'),
(13, 16, 2, b'0'),
(14, 5, 3, b'0'),
(15, 5, 3, b'0'),
(16, 16, 2, b'0'),
(17, 12, 3, b'0'),
(18, 19, 2, b'0'),
(19, 4, 2, b'0'),
(20, 22, 3, b'0'),
(21, 3, 3, b'0'),
(22, 17, 3, b'0'),
(23, 11, 3, b'0'),
(24, 10, 3, b'0'),
(25, 5, 3, b'0'),
(26, 14, 3, b'0'),
(27, 16, 2, b'0'),
(28, 14, 3, b'0'),
(29, 19, 3, b'0'),
(30, 6, 2, b'0'),
(31, 18, 2, b'0'),
(32, 19, 2, b'0'),
(33, 13, 3, b'0'),
(34, 13, 3, b'0'),
(35, 19, 3, b'0'),
(36, 17, 2, b'0'),
(37, 13, 3, b'0'),
(38, 16, 3, b'0'),
(39, 16, 2, b'0'),
(40, 2, 2, b'0'),
(41, 5, 3, b'0'),
(42, 22, 3, b'0'),
(43, 10, 3, b'0'),
(44, 14, 3, b'0'),
(45, 10, 2, b'0'),
(46, 11, 2, b'0'),
(47, 20, 2, b'0'),
(48, 3, 3, b'0'),
(49, 3, 3, b'0'),
(50, 21, 2, b'0'),
(51, 4, 2, b'0'),
(52, 2, 2, b'0'),
(53, 19, 3, b'0'),
(54, 20, 2, b'0'),
(55, 9, 2, b'0'),
(56, 17, 2, b'0'),
(57, 11, 2, b'0'),
(58, 22, 3, b'0'),
(59, 17, 2, b'0'),
(60, 10, 3, b'0'),
(61, 3, 3, b'0'),
(62, 2, 3, b'0'),
(63, 2, 3, b'0'),
(64, 19, 3, b'0'),
(65, 11, 3, b'0'),
(66, 17, 3, b'0'),
(67, 5, 3, b'0'),
(68, 20, 2, b'0'),
(69, 18, 2, b'0'),
(70, 2, 3, b'0'),
(71, 4, 2, b'0'),
(72, 22, 3, b'0'),
(73, 3, 3, b'0'),
(74, 2, 3, b'0'),
(75, 21, 2, b'0'),
(76, 2, 3, b'0'),
(77, 22, 3, b'0'),
(78, 11, 2, b'0'),
(79, 17, 3, b'0'),
(80, 5, 2, b'0'),
(81, 14, 3, b'0'),
(82, 12, 3, b'0'),
(83, 6, 2, b'0'),
(84, 20, 2, b'0'),
(85, 1, 2, b'0'),
(86, 21, 3, b'0'),
(87, 16, 2, b'0'),
(88, 4, 2, b'0'),
(89, 17, 1, b'0'),
(90, 21, 3, b'0'),
(91, 10, 3, b'0'),
(92, 21, 2, b'0'),
(93, 16, 3, b'0'),
(94, 17, 3, b'0'),
(95, 22, 3, b'0'),
(96, 21, 3, b'0'),
(97, 3, 3, b'0'),
(98, 2, 3, b'0'),
(99, 9, 2, b'0'),
(100, 10, 3, b'0'),
(101, 10, 3, b'0'),
(102, 5, 3, b'0'),
(103, 11, 3, b'0'),
(104, 6, 3, b'0'),
(105, 13, 3, b'0'),
(106, 4, 2, b'0'),
(107, 16, 2, b'0'),
(108, 3, 3, b'0'),
(109, 17, 2, b'0'),
(110, 16, 2, b'0'),
(111, 19, 2, b'0'),
(112, 3, 2, b'0'),
(113, 8, 3, b'0'),
(114, 3, 2, b'0'),
(115, 4, 3, b'0'),
(116, 6, 2, b'0'),
(117, 22, 3, b'0'),
(118, 4, 1, b'0'),
(119, 5, 2, b'0'),
(120, 16, 2, b'0'),
(121, 5, 3, b'0'),
(122, 22, 3, b'0'),
(123, 6, 2, b'0'),
(124, 2, 3, b'0'),
(125, 14, 2, b'0'),
(126, 4, 2, b'0'),
(127, 17, 0, b'0'),
(128, 10, 3, b'0'),
(129, 19, 2, b'0'),
(130, 9, 2, b'0'),
(131, 13, 3, b'0'),
(132, 14, 3, b'0'),
(133, 20, 2, b'0'),
(134, 19, 3, b'0'),
(135, 13, 3, b'0'),
(136, 6, 3, b'0'),
(137, 20, 2, b'0'),
(138, 22, 3, b'0'),
(139, 16, 3, b'0'),
(140, 6, 2, b'0'),
(141, 6, 2, b'0'),
(142, 22, 3, b'0'),
(143, 10, 2, b'0'),
(144, 17, 2, b'0'),
(145, 2, 3, b'0'),
(146, 5, 3, b'0'),
(147, 8, 3, b'0'),
(148, 8, 2, b'0'),
(149, 19, 3, b'0'),
(150, 20, 2, b'0'),
(151, 10, 1, b'0'),
(152, 13, 3, b'0'),
(153, 18, 2, b'0'),
(154, 11, 3, b'0'),
(155, 17, 3, b'0'),
(156, 6, 2, b'0'),
(157, 14, 3, b'0'),
(158, 13, 3, b'0'),
(159, 2, 3, b'0'),
(160, 10, 3, b'0'),
(161, 16, 2, b'0'),
(162, 11, 3, b'0'),
(163, 3, 3, b'0'),
(164, 11, 2, b'0'),
(165, 19, 3, b'0'),
(166, 3, 3, b'0'),
(167, 2, 3, b'0'),
(168, 8, 2, b'0'),
(169, 8, 2, b'0'),
(170, 21, 3, b'0'),
(171, 22, 3, b'0'),
(172, 6, 3, b'0'),
(173, 18, 2, b'0'),
(174, 16, 3, b'0'),
(175, 3, 3, b'0'),
(176, 16, 2, b'0'),
(177, 6, 2, b'0'),
(178, 6, 2, b'0'),
(179, 6, 2, b'0'),
(180, 5, 3, b'0'),
(181, 17, 2, b'0'),
(182, 13, 3, b'0'),
(183, 8, 2, b'0'),
(184, 2, 3, b'0'),
(185, 16, 1, b'0'),
(186, 6, 3, b'0'),
(187, 5, 2, b'0'),
(188, 16, 2, b'0'),
(189, 10, 2, b'0'),
(190, 11, 3, b'0'),
(191, 8, 2, b'0'),
(192, 17, 2, b'0'),
(193, 20, 2, b'0'),
(194, 4, 2, b'0'),
(195, 11, 3, b'0'),
(196, 6, 2, b'0'),
(197, 17, 1, b'0'),
(198, 18, 2, b'0'),
(199, 15, 2, b'0'),
(200, 1, 2, b'0'),
(201, 17, 2, b'0'),
(202, 13, 3, b'0'),
(203, 11, 2, b'0'),
(204, 11, 2, b'0'),
(205, 10, 2, b'0'),
(206, 18, 2, b'0'),
(207, 2, 3, b'0'),
(208, 17, 3, b'0'),
(209, 20, 2, b'0'),
(210, 20, 1, b'0'),
(211, 11, 3, b'0'),
(212, 5, 2, b'0'),
(213, 8, 2, b'0'),
(214, 5, 3, b'0'),
(215, 22, 3, b'0'),
(216, 2, 2, b'0'),
(217, 14, 2, b'0'),
(218, 9, 2, b'0'),
(219, 8, 3, b'0'),
(220, 16, 3, b'0'),
(221, 11, 0, b'0'),
(222, 6, 3, b'0'),
(223, 18, 2, b'0'),
(224, 5, 3, b'0'),
(225, 12, 3, b'0'),
(226, 20, 2, b'0'),
(227, 15, 2, b'0'),
(228, 21, 3, b'0'),
(229, 10, 2, b'0'),
(230, 17, 3, b'0'),
(231, 3, 3, b'0'),
(232, 10, 3, b'0'),
(233, 1, 2, b'0'),
(234, 16, 3, b'0'),
(235, 13, 3, b'0'),
(236, 5, 3, b'0'),
(237, 5, 1, b'0'),
(238, 20, 2, b'0'),
(239, 13, 3, b'0'),
(240, 6, 2, b'0'),
(241, 6, 3, b'0'),
(242, 21, 3, b'0'),
(243, 18, 2, b'0'),
(244, 16, 1, b'0'),
(245, 20, 2, b'0'),
(246, 2, 3, b'0'),
(247, 22, 3, b'0'),
(248, 20, 2, b'0'),
(249, 15, 2, b'0'),
(250, 16, 2, b'0'),
(251, 10, 3, b'0'),
(252, 12, 3, b'0'),
(253, 10, 3, b'0'),
(254, 3, 3, b'0'),
(255, 11, 3, b'0'),
(256, 4, 2, b'0'),
(257, 18, 2, b'0'),
(258, 19, 3, b'0'),
(259, 1, 2, b'0'),
(260, 18, 2, b'0'),
(261, 10, 2, b'0'),
(262, 1, 2, b'0'),
(263, 14, 3, b'0'),
(264, 3, 2, b'0'),
(265, 18, 2, b'0'),
(266, 18, 2, b'0'),
(267, 9, 2, b'0'),
(268, 18, 2, b'0'),
(269, 3, 2, b'0'),
(270, 6, 2, b'0'),
(271, 9, 2, b'0'),
(272, 20, 2, b'0'),
(273, 3, 3, b'0'),
(274, 1, 2, b'0'),
(275, 2, 2, b'0'),
(276, 3, 3, b'0'),
(277, 16, 2, b'0'),
(278, 2, 2, b'0'),
(279, 10, 3, b'0'),
(280, 16, 2, b'0'),
(281, 20, 2, b'0'),
(282, 8, 2, b'0'),
(283, 14, 3, b'0'),
(284, 18, 2, b'0'),
(285, 1, 2, b'0'),
(286, 18, 2, b'0'),
(287, 1, 2, b'0'),
(288, 4, 2, b'0'),
(289, 18, 2, b'0'),
(290, 1, 2, b'0'),
(291, 1, 2, b'0'),
(292, 11, 2, b'0'),
(293, 17, 3, b'0'),
(294, 17, 3, b'0'),
(295, 6, 2, b'0'),
(296, 15, 2, b'0'),
(297, 8, 2, b'0'),
(298, 14, 3, b'0'),
(299, 2, 2, b'0'),
(300, 17, 3, b'0'),
(301, 8, 1, b'0'),
(302, 16, 2, b'0'),
(303, 5, 3, b'0'),
(304, 15, 2, b'0'),
(305, 3, 3, b'0'),
(306, 20, 2, b'0'),
(307, 13, 3, b'0'),
(308, 2, 2, b'0'),
(309, 2, 3, b'0'),
(310, 9, 2, b'0'),
(311, 3, 2, b'0'),
(312, 10, 3, b'0'),
(313, 9, 2, b'0'),
(314, 15, 2, b'0'),
(315, 13, 3, b'0'),
(316, 20, 2, b'0'),
(317, 22, 3, b'0'),
(318, 1, 2, b'0'),
(319, 4, 2, b'0'),
(320, 19, 3, b'0'),
(321, 10, 3, b'0'),
(322, 21, 3, b'0'),
(323, 20, 2, b'0'),
(324, 5, 3, b'0'),
(325, 3, 2, b'0'),
(326, 1, 2, b'0'),
(327, 14, 3, b'0'),
(328, 18, 2, b'0'),
(329, 3, 2, b'0'),
(330, 20, 2, b'0'),
(331, 16, 2, b'0'),
(332, 1, 2, b'0'),
(333, 18, 2, b'0'),
(334, 4, 2, b'0'),
(335, 14, 3, b'0'),
(336, 2, 3, b'0'),
(337, 18, 2, b'0'),
(338, 10, 2, b'0'),
(339, 8, 2, b'0'),
(340, 19, 3, b'0'),
(341, 11, 2, b'0'),
(342, 17, 3, b'0'),
(343, 13, 3, b'0'),
(344, 5, 3, b'0'),
(345, 20, 2, b'0'),
(346, 1, 2, b'0'),
(347, 6, 2, b'0'),
(348, 14, 3, b'0'),
(349, 9, 2, b'0'),
(350, 20, 2, b'0'),
(351, 1, 2, b'0'),
(352, 18, 2, b'0'),
(353, 20, 2, b'0'),
(354, 6, 2, b'0'),
(355, 20, 2, b'0'),
(356, 10, 3, b'0'),
(357, 8, 3, b'0'),
(358, 20, 2, b'0'),
(359, 21, 3, b'0'),
(360, 9, 2, b'0'),
(361, 13, 3, b'0'),
(362, 10, 3, b'0'),
(363, 5, 3, b'0'),
(364, 22, 3, b'0'),
(365, 9, 2, b'0'),
(366, 19, 3, b'0'),
(367, 18, 2, b'0'),
(368, 11, 3, b'0'),
(369, 6, 2, b'0'),
(370, 14, 3, b'0'),
(371, 17, 3, b'0'),
(372, 18, 2, b'0'),
(373, 13, 3, b'0'),
(374, 14, 2, b'0'),
(375, 18, 2, b'0'),
(376, 16, 2, b'0'),
(377, 4, 2, b'0'),
(378, 4, 2, b'0'),
(379, 22, 3, b'0'),
(380, 1, 2, b'0'),
(381, 8, 2, b'0'),
(382, 17, 2, b'0'),
(383, 16, 2, b'0'),
(384, 20, 2, b'0'),
(385, 21, 3, b'0'),
(386, 4, 2, b'0'),
(387, 20, 2, b'0'),
(388, 5, 3, b'0'),
(389, 18, 2, b'0'),
(390, 9, 2, b'0'),
(391, 1, 2, b'0'),
(392, 2, 3, b'0'),
(393, 14, 3, b'0'),
(394, 20, 2, b'0'),
(395, 9, 2, b'0'),
(396, 18, 2, b'0'),
(397, 11, 2, b'0'),
(398, 4, 2, b'0'),
(399, 1, 2, b'0'),
(400, 10, 3, b'0'),
(401, 11, 2, b'0'),
(402, 8, 2, b'0'),
(403, 4, 3, b'0'),
(404, 9, 2, b'0'),
(405, 8, 2, b'0'),
(406, 4, 3, b'0'),
(407, 9, 2, b'0'),
(408, 8, 2, b'0'),
(409, 11, 3, b'0'),
(410, 8, 2, b'0'),
(411, 4, 2, b'0'),
(412, 9, 2, b'0'),
(413, 11, 3, b'0'),
(414, 14, 2, b'0'),
(415, 19, 3, b'0'),
(416, 8, 2, b'0'),
(417, 19, 3, b'0'),
(418, 21, 3, b'0'),
(419, 22, 3, b'0'),
(420, 6, 2, b'0'),
(421, 11, 3, b'0'),
(422, 6, 2, b'0'),
(423, 13, 3, b'0'),
(424, 8, 2, b'0'),
(425, 13, 3, b'0'),
(426, 13, 3, b'0'),
(427, 1, 2, b'0'),
(428, 10, 3, b'0'),
(429, 18, 2, b'0'),
(430, 1, 2, b'0'),
(431, 19, 3, b'0'),
(432, 11, 3, b'0'),
(433, 21, 3, b'0'),
(434, 11, 2, b'0'),
(435, 6, 2, b'0'),
(436, 13, 3, b'0'),
(437, 9, 2, b'0'),
(438, 9, 2, b'0'),
(439, 9, 2, b'0'),
(440, 19, 3, b'0'),
(441, 5, 3, b'0'),
(442, 4, 2, b'0'),
(443, 14, 3, b'0'),
(444, 11, 3, b'0'),
(445, 4, 1, b'0'),
(446, 2, 3, b'0'),
(447, 9, 2, b'0'),
(448, 9, 2, b'0'),
(449, 8, 2, b'0'),
(450, 9, 2, b'0'),
(451, 18, 2, b'0'),
(452, 18, 2, b'0'),
(453, 1, 2, b'0'),
(454, 16, 2, b'0'),
(455, 1, 2, b'0'),
(456, 14, 3, b'0'),
(457, 1, 2, b'0'),
(458, 22, 2, b'0'),
(459, 10, 3, b'0'),
(460, 9, 2, b'0'),
(461, 1, 2, b'0'),
(462, 9, 2, b'0'),
(463, 4, 2, b'0'),
(464, 1, 1, b'0'),
(465, 20, 2, b'0'),
(466, 15, 2, b'0'),
(467, 8, 2, b'0'),
(468, 4, 2, b'0'),
(469, 22, 2, b'0'),
(470, 22, 3, b'0'),
(471, 22, 2, b'0'),
(472, 10, 3, b'0'),
(473, 14, 3, b'0'),
(474, 5, 3, b'0'),
(475, 1, 2, b'0'),
(476, 20, 2, b'0'),
(477, 19, 3, b'0'),
(478, 1, 2, b'0'),
(479, 4, 3, b'0'),
(480, 22, 3, b'0'),
(481, 8, 2, b'0'),
(482, 3, 2, b'0'),
(483, 1, 2, b'0'),
(484, 18, 2, b'0'),
(485, 2, 3, b'0'),
(486, 13, 2, b'0'),
(487, 4, 2, b'0'),
(488, 20, 2, b'0'),
(489, 18, 1, b'0'),
(490, 4, 2, b'0'),
(491, 22, 2, b'0'),
(492, 15, 2, b'0'),
(493, 17, 3, b'0'),
(494, 9, 2, b'0'),
(495, 9, 2, b'0'),
(496, 2, 3, b'0'),
(497, 18, 2, b'0'),
(498, 22, 2, b'0'),
(499, 11, 2, b'0'),
(500, 1, 2, b'0'),
(501, 1, 2, b'0'),
(502, 1, 2, b'0'),
(503, 3, 3, b'0'),
(504, 9, 2, b'0'),
(505, 13, 3, b'0'),
(506, 9, 2, b'0'),
(507, 1, 2, b'0'),
(508, 20, 2, b'0'),
(509, 20, 2, b'0'),
(510, 12, 3, b'0'),
(511, 9, 2, b'0'),
(512, 9, 2, b'0'),
(513, 16, 3, b'0'),
(514, 13, 2, b'0'),
(515, 17, 3, b'0'),
(516, 9, 2, b'0'),
(517, 19, 3, b'0'),
(518, 19, 3, b'0'),
(519, 10, 3, b'0'),
(520, 8, 2, b'0'),
(521, 22, 2, b'0'),
(522, 17, 3, b'0'),
(523, 4, 2, b'0'),
(524, 18, 2, b'0'),
(525, 6, 2, b'0'),
(526, 2, 3, b'0'),
(527, 9, 2, b'0'),
(528, 1, 2, b'0'),
(529, 22, 3, b'0'),
(530, 9, 2, b'0'),
(531, 5, 3, b'0'),
(532, 21, 3, b'0'),
(533, 14, 3, b'0'),
(534, 9, 2, b'0'),
(535, 9, 2, b'0'),
(536, 14, 3, b'0'),
(537, 8, 2, b'0'),
(538, 15, 2, b'0'),
(539, 4, 3, b'0'),
(540, 14, 3, b'0'),
(541, 18, 2, b'0'),
(542, 18, 2, b'0'),
(543, 16, 1, b'0'),
(544, 12, 3, b'0'),
(545, 1, 2, b'0'),
(546, 2, 3, b'0'),
(547, 5, 3, b'0'),
(548, 18, 2, b'0'),
(549, 3, 2, b'0'),
(550, 8, 2, b'0'),
(551, 3, 2, b'0'),
(552, 19, 3, b'0'),
(553, 14, 3, b'0'),
(554, 5, 3, b'0'),
(555, 2, 3, b'0'),
(556, 1, 2, b'0'),
(557, 22, 3, b'0'),
(558, 13, 3, b'0'),
(559, 18, 2, b'0'),
(560, 19, 3, b'0'),
(561, 16, 3, b'0'),
(562, 11, 3, b'0'),
(563, 14, 3, b'0'),
(564, 4, 3, b'0'),
(565, 13, 3, b'0'),
(566, 21, 3, b'0'),
(567, 11, 2, b'0'),
(568, 22, 3, b'0'),
(569, 3, 2, b'0'),
(570, 6, 2, b'0'),
(571, 17, 0, b'0'),
(572, 13, 3, b'0'),
(573, 21, 3, b'0'),
(574, 12, 3, b'0'),
(575, 21, 3, b'0'),
(576, 5, 3, b'0'),
(577, 15, 2, b'0'),
(578, 17, 3, b'0'),
(579, 9, 2, b'0'),
(580, 17, 3, b'0'),
(581, 2, 3, b'0'),
(582, 11, 2, b'0'),
(583, 1, 2, b'0'),
(584, 5, 3, b'0'),
(585, 19, 3, b'0'),
(586, 20, 2, b'0'),
(587, 8, 2, b'0'),
(588, 22, 2, b'0'),
(589, 19, 3, b'0'),
(590, 8, 2, b'0'),
(591, 6, 3, b'0'),
(592, 6, 2, b'0'),
(593, 4, 3, b'0'),
(594, 19, 3, b'0'),
(595, 10, 3, b'0'),
(596, 8, 2, b'0'),
(597, 3, 2, b'0'),
(598, 13, 3, b'0'),
(599, 13, 3, b'0'),
(600, 22, 2, b'0'),
(601, 6, 3, b'0'),
(602, 5, 3, b'0'),
(603, 16, 3, b'0'),
(604, 14, 3, b'0');

-- --------------------------------------------------------

--
-- Tábla szerkezet ehhez a táblához `lectures`
--

CREATE TABLE IF NOT EXISTS `lectures` (
  `id` tinyint(2) unsigned NOT NULL AUTO_INCREMENT,
  `title` varchar(100) COLLATE utf8_hungarian_ci NOT NULL,
  `subtitle` varchar(250) COLLATE utf8_hungarian_ci NOT NULL,
  `presenter` varchar(50) COLLATE utf8_hungarian_ci NOT NULL,
  `location` varchar(15) COLLATE utf8_hungarian_ci NOT NULL,
  `seats` tinyint(2) unsigned NOT NULL,
  `reserved` tinyint(2) unsigned NOT NULL,
  `timelineNumber` tinyint(1) unsigned NOT NULL,
  `description` text COLLATE utf8_hungarian_ci NOT NULL,
  PRIMARY KEY (`id`)
) ENGINE=MyISAM  DEFAULT CHARSET=utf8 COLLATE=utf8_hungarian_ci AUTO_INCREMENT=24 ;

--
-- A tábla adatainak kiíratása `lectures`
--

INSERT INTO `lectures` (`id`, `title`, `subtitle`, `presenter`, `location`, `seats`, `reserved`, `timelineNumber`, `description`) VALUES
(1, 'Dolgozz Amerikában 18 évesen!', '', 'Ilcsik Márk', '114', 36, 36, 1, 'Hogyan is kezdj hozzá ha szeretnél kint dolgozni és szeretnéd fejleszteni a nyelvtudásod + Márk élényei'),
(2, 'Mozgás, izomláz', '', 'Benedikti Bence', '001', 30, 30, 1, 'A mozgás biokámiája, a szervezet energiatermelése és miért is van izomlázunk?'),
(3, 'Nopack, hogyan építs zöld  businesst', '', 'Kalovits Márk', '107', 30, 30, 1, ''),
(4, 'Zenész élet', '', 'Meggyes Ádám (Irie Maffia)', '301', 31, 31, 1, ''),
(5, 'Munkám az ENSZ Menekültügynél', '', 'Szüts Anna', '013', 30, 30, 1, 'Az előadásban szó lesz általánosságban az ENSZ Menekültügyről, arról hogy kik is számítanak menekültnek, illetve hogy mit csinálunk mi a budapesti Global Service Centerben, miért van a mi munkánkra szükség.'),
(6, 'Az informatika nem harap', '', 'Dianiska Balázs', '014', 31, 31, 1, '32 évesen még mindig nem tudom, hogy mi akarok lenni, ha nagy leszek. Viszont azt már nagyjából sejtem, hogy mit érdemes megtanulni, ahhoz, hogy ne én legyek a táplálkozási piramis legalján, hogy ne én keressek munkát, hanem a munkáltatók versengjenek értem. Az egyetemről, külföldről és a self-developmentről beszélgetünk majd.'),
(8, 'Újságíró', '', 'Somogyi Dorottya', '205', 31, 31, 1, ''),
(9, 'Belsőépítész', '', 'Somogyi Gábor', '101', 36, 36, 1, 'Hogyan lehet valaki sikeres belsőépítész nehezített feltételek/körülmények között?'),
(10, 'Sportrepülés ', '', 'Jeszenszky Sándor', '006', 30, 30, 1, 'A vitorlázó és kisgépes motoros repülést, a sport részét, az élményt, és, hogy mi kell ahhoz, hogy valaki repülőt vezethessen.'),
(11, 'Nők a történelemben', '', 'Veresegyházy Béla', '112', 31, 31, 1, ''),
(12, 'Hangszerbemutató', '', 'Varasdy Dávid', '204', 7, 7, 1, ''),
(13, 'Beatles', '', 'Bánosi Tanár úr', '003', 30, 30, 1, ''),
(14, 'Az íjászatról hogyan és miért?', '', 'Regőczi Petra', '002', 30, 30, 1, 'Az íj és részei -Hogyan is kell használni Az íjászat történelme röviden -Az íjászat, mint sport és hobbi -Örs Íjász Klub'),
(15, 'Grafológia', '', 'Fehér Gabriella', '106', 10, 10, 1, 'Hozzatok teleírt füzetet!'),
(16, 'Állati Genetika', '', 'dr. Zsolnai Attila', '203', 31, 31, 1, 'Az előadás során néhány nélkülözhetetlen DNS-t vizsgáló eljárás kerül bemutatásra, valamint, marha és juh populációgenetikai vizsgálatok, melyek gyakorlati felhasználáshoz vezettek, vagy vezetni fognak, vagy valamilyen történelmi eseményhez van közük. A molekuláris markerekkel segített tenyésztésről és néhány vadon élő állaton végzett kísérletről is szó lesz.'),
(17, 'Demokrácia, aktuális közéleti kérdések', '', 'Wittinghoff Tamás', '012', 30, 30, 1, ''),
(18, 'Don''t dream it! Do it! - Tanulás külföldön.', '', 'Nagy Zsófia', '012', 36, 36, 1, ''),
(19, 'Média, mint új hatalom', '', 'Hollai Andrea', '125', 30, 30, 1, 'A Saul fia sajtója'),
(20, 'Pszichológus', '', 'Kiss Orhidea', '123', 36, 36, 1, ''),
(21, 'Karaoke', '', 'Pánczél Péter Tanár úr', '105', 18, 18, 1, ''),
(22, 'Amerikai Foci', '', 'Nyírő Szilárd', 'műfüves pálya', 30, 30, 1, 'Mindenki hozzon tesi cuccot! ');

-- --------------------------------------------------------

--
-- Tábla szerkezet ehhez a táblához `performances`
--

CREATE TABLE IF NOT EXISTS `performances` (
  `id` smallint(4) unsigned NOT NULL AUTO_INCREMENT,
  `regStudId` smallint(3) unsigned NOT NULL COMMENT 'the registrating student''s ID',
  `title` varchar(25) COLLATE utf8_hungarian_ci NOT NULL,
  `category` varchar(50) COLLATE utf8_hungarian_ci NOT NULL,
  `partNo` smallint(3) unsigned NOT NULL COMMENT 'Number of participants',
  `location` varchar(10) COLLATE utf8_hungarian_ci NOT NULL,
  `duration` tinyint(2) unsigned NOT NULL COMMENT 'in minutes',
  `wiredMic` tinyint(1) unsigned NOT NULL,
  `wiredMicStand` tinyint(1) unsigned NOT NULL,
  `wirelessMic` tinyint(1) unsigned NOT NULL,
  `wirelessMicStand` tinyint(1) unsigned NOT NULL,
  `microport` tinyint(1) unsigned NOT NULL,
  `fieldMic` tinyint(1) unsigned NOT NULL,
  `instMic` tinyint(1) unsigned NOT NULL,
  `chair` tinyint(1) unsigned NOT NULL,
  `musicFile` varchar(50) COLLATE utf8_hungarian_ci NOT NULL,
  `projectorFile` varchar(50) COLLATE utf8_hungarian_ci NOT NULL,
  `lightRequest` tinyint(1) unsigned NOT NULL,
  `email` varchar(50) COLLATE utf8_hungarian_ci NOT NULL,
  `particUsers` varchar(10000) COLLATE utf8_hungarian_ci NOT NULL,
  `piano` tinyint(1) unsigned NOT NULL,
  `jack63` tinyint(1) unsigned NOT NULL,
  `jack35` tinyint(1) unsigned NOT NULL,
  `musicStand` tinyint(1) unsigned NOT NULL,
  `guitarAmp` tinyint(1) unsigned NOT NULL,
  `comment` varchar(500) COLLATE utf8_hungarian_ci NOT NULL,
  `dateOfReg` date NOT NULL,
  `deleted` tinyint(1) NOT NULL COMMENT '0 means not deleted',
  `uniqueTimeStamp` bigint(20) NOT NULL,
  PRIMARY KEY (`id`),
  KEY `dateOfRed` (`dateOfReg`),
  KEY `category` (`category`),
  KEY `location` (`location`)
) ENGINE=MyISAM DEFAULT CHARSET=utf8 COLLATE=utf8_hungarian_ci AUTO_INCREMENT=1 ;

-- --------------------------------------------------------

--
-- Tábla szerkezet ehhez a táblához `perftoexcel`
--

CREATE TABLE IF NOT EXISTS `perftoexcel` (
  `id` smallint(4) unsigned NOT NULL,
  `regStudClass` varchar(10) COLLATE utf8_hungarian_ci NOT NULL,
  `participants` text COLLATE utf8_hungarian_ci NOT NULL,
  `title` varchar(25) COLLATE utf8_hungarian_ci NOT NULL,
  `category` varchar(50) COLLATE utf8_hungarian_ci NOT NULL,
  `partNo` smallint(3) unsigned NOT NULL COMMENT 'Number of participants',
  `location` varchar(10) COLLATE utf8_hungarian_ci NOT NULL,
  `duration` tinyint(2) unsigned NOT NULL COMMENT 'in minutes',
  `wiredMic` tinyint(1) unsigned NOT NULL,
  `wiredMicStand` tinyint(1) unsigned NOT NULL,
  `wirelessMic` tinyint(1) unsigned NOT NULL,
  `wirelessMicStand` tinyint(1) unsigned NOT NULL,
  `microport` tinyint(1) unsigned NOT NULL,
  `fieldMic` tinyint(1) unsigned NOT NULL,
  `instMic` tinyint(1) unsigned NOT NULL,
  `chair` tinyint(1) unsigned NOT NULL,
  `musicFile` varchar(50) COLLATE utf8_hungarian_ci NOT NULL,
  `projectorFile` varchar(50) COLLATE utf8_hungarian_ci NOT NULL,
  `lightRequest` tinyint(1) unsigned NOT NULL,
  `email` varchar(50) COLLATE utf8_hungarian_ci NOT NULL,
  `piano` tinyint(1) unsigned NOT NULL,
  `jack63` tinyint(1) unsigned NOT NULL,
  `jack35` tinyint(1) unsigned NOT NULL,
  `musicStand` tinyint(1) unsigned NOT NULL,
  `guitarAmp` tinyint(1) unsigned NOT NULL,
  `comment` varchar(500) COLLATE utf8_hungarian_ci NOT NULL,
  PRIMARY KEY (`id`),
  KEY `category` (`category`),
  KEY `location` (`location`)
) ENGINE=MyISAM DEFAULT CHARSET=utf8 COLLATE=utf8_hungarian_ci;

-- --------------------------------------------------------

--
-- Tábla szerkezet ehhez a táblához `students`
--

CREATE TABLE IF NOT EXISTS `students` (
  `id` smallint(3) NOT NULL AUTO_INCREMENT,
  `firstName` varchar(50) COLLATE utf8_hungarian_ci NOT NULL,
  `fullname` varchar(100) COLLATE utf8_hungarian_ci NOT NULL,
  `username` varchar(20) COLLATE utf8_hungarian_ci NOT NULL,
  `OM` varchar(50) COLLATE utf8_hungarian_ci NOT NULL,
  `class` varchar(10) COLLATE utf8_hungarian_ci NOT NULL,
  `cookie` bigint(10) NOT NULL,
  `accessLevel` tinyint(1) NOT NULL DEFAULT '4' COMMENT 'to illyesnapk: 0-admin, 1-edit, 2-see all dont edit, 3-see one class, 4-student',
  `EGYOSZaccessLevel` tinyint(1) NOT NULL DEFAULT '4' COMMENT '0:admin; 1:add lecture; 2:see everything; 3:see one class; 4:default',
  PRIMARY KEY (`id`),
  UNIQUE KEY `OM` (`OM`),
  UNIQUE KEY `username` (`username`),
  KEY `cookie` (`cookie`),
  KEY `OM_2` (`OM`),
  KEY `username_2` (`username`),
  KEY `ifAdmint` (`accessLevel`)
) ENGINE=MyISAM  DEFAULT CHARSET=utf8 COLLATE=utf8_hungarian_ci AUTO_INCREMENT=613 ;

--
-- A tábla adatainak kiíratása `students`
--

INSERT INTO `students` (`id`, `firstName`, `fullname`, `username`, `OM`, `class`, `cookie`, `accessLevel`, `EGYOSZaccessLevel`) VALUES
(1, 'Noémi', 'Ábrahám Noémi', 'abrahamn', 'e3c85cc140c74383caf0873488e210045a0a7151', '9. a', 468170, 4, 4),
(2, 'Fanni', 'Ádám Fanni', 'adamf', '09a4df8a9aa8c0b3596b9fbd094a8d8e17ef1364', '10. a', 476096, 4, 4),
(3, 'Balázs', 'Ádány Balázs', 'adanyb', 'f3ab1c9456bb153f6afd602720da7d4ca4626a16', '12. c', 484022, 4, 4),
(4, 'Nóra Krisztina', 'Ágoston Nóra Krisztina', 'agostonn', '7557baa1f00b5ecd0ca61fb7d14e4f059d6a6431', '9. a', 491948, 4, 4),
(5, 'Gellért Péter', 'Andrási Gellért Péter', 'andr?sia', '4b30440acafbb2f909d061406065720da4fb0261', '8. a', 499874, 4, 4),
(6, 'Éda Boglárka', 'Andrási Éda Boglárka', 'andrasie', '3bce3e38d9bf50fc52567e235b8523d5ae5bd0ab', '12. b', 507800, 4, 4),
(7, 'Aphrodite', 'Angelidisz Aphrodite', 'angelidisza', '3a58cc48c6f68ea0e549091373c5b6aa84eeb34f', '12. d', 515726, 4, 4),
(8, 'Eszter', 'Antalfi Eszter', 'antalfie', '7b5f9aa943f6fa3ebcd681018b5ec3cd9081786f', '9. b', 523652, 4, 4),
(9, 'Júlia', 'Apkó Júlia', 'apkoj', 'cfc7c763dd966a93eb0245898ad6cbb70941daa8', '11. a', 531578, 4, 4),
(10, 'Máté Károly', 'Árvai Máté Károly', 'arvaim', '1ad8ea889f104d4ef028fef635a7820c4fd94309', '10. c', 539504, 4, 4),
(11, 'Eszter Anna', 'Asbolt Eszter Anna', 'asbolte', '3356dac64b38f4c7c8c3888a58a27a9196c41d8c', '10. b', 547430, 4, 4),
(12, 'Viola', 'Áts Viola', 'atsv', '24626b77b0fd6f4a7d9875dcc0f6ed9580035dfe', '11. c', 555356, 4, 4),
(13, 'Levente Vendel', 'Babos Levente Vendel', 'babosl', 'd23631aa4291ab58a073be0787b30287511d3b6d', '11. d', 563282, 4, 4),
(14, 'Lívia Eszter', 'Babos Lívia Eszter', 'baboslivia', '050650bf1ba2ba44d35eb0c7745de2b407b963bd', '9/Ny c', 571208, 4, 4),
(15, 'Balázs', 'Baczynski Balázs', 'baczynskib', '0728119aca872d529910461ccfb9ab77f60e1c52', '9/Ny b', 579134, 4, 4),
(16, 'Luca Mária', 'Báder Luca Mária', 'baderl', 'cc1819f5650d91827ca4316b31b0d77b79970c28', '12. a', 587060, 4, 4),
(17, 'Bernadett', 'Bagi Bernadett', 'bagib', 'dfd5ab4fc82f5031478772c340fcf50184b60c14', '9. a', 594986, 4, 4),
(18, 'Benedek Mátyás', 'Bakay Benedek Mátyás', 'bakaybenedek', 'e39dd0348dc53f7b817af57f0f32166e5ff789fb', '9. a', 602912, 4, 4),
(19, 'Blanka Klaudia', 'Bakay Blanka Klaudia', 'bakayblanka', 'eef66197c7ec000ecbf7ac87b7e80f23af526a29', '9. a', 610838, 4, 4),
(20, 'Eszter Katalin', 'Balázs Eszter Katalin', 'balazse', '642454c0f5254ad9996aa7dc494977d27386369e', '11. a', 618764, 4, 4),
(21, 'Kristóf Márton', 'Balla Kristóf Márton', 'ballak', '6cbf535990a3191e7f526de66dfcff8e04f355ce', '11. c', 626690, 4, 4),
(22, 'Ákos László', 'Balogh Ákos László', 'balogh?', 'fc5e975bdda4ce8a23b78cb157113691f2558e1e', '8. a', 634616, 4, 4),
(23, 'Márió', 'Balotai Márió', 'balotaim', '0f8c7fd608b14295d2b8142524987ae7cbbf209e', '12. c', 642542, 4, 4),
(24, 'Marcell', 'Bányai Marcell', 'banyaim', '22fe8894f080ddb45139e0905a1e31237bfa114d', '10. c', 650468, 4, 4),
(25, 'Eszter', 'Bárány Eszter', 'baranye', '714fd59fa6dd4f6e1f331a8960b983d2238f6abd', '10. b', 658394, 4, 4),
(26, 'Adrienn Bernadett', 'Bárdos Adrienn Bernadett', 'bardosa', 'a8963a111052ede809b324af8fe3674de63a21c6', '12. c', 666320, 4, 4),
(27, 'Botond', 'Barta Botond', 'bartab', '7073dafef8ffb5626eff3a14f0d17842b7d1177c', '9. b', 674246, 4, 4),
(28, 'Tünde', 'Barta Tünde', 'bartat', '874f5dbc76a5a5d88f99ac0e1136dc3e60055f3a', '9/Ny c', 682172, 4, 4),
(29, 'Zsombor', 'Barta Zsombor', 'bartaz', 'b122d00ff3bee6a3b576c3f83455e03f05f33feb', '12. d', 690098, 4, 4),
(30, 'Barnabás', 'Beck Barnabás', 'beckb', '9e5071a132e7030d0670d4bbc00e66536a5bc39a', '12. a', 698024, 4, 4),
(31, 'Lőrinc', 'Bedő Lőrinc', 'bedol', '71ca7125ae718ed114f36540ccdfe4211a3fb764', '9. b', 705950, 4, 4),
(32, 'Zsófia', 'Bedynski Zsófia', 'bedynskizs', '2e15fc290ca97b62705834e74e4ab1607fa01ac6', '7. a', 713876, 4, 4),
(33, 'Dóra', 'Behunszki Dóra', 'behunszkid', '6a4bb20fa861e73bb47178383e772b2d5b7ee992', '9/Ny b', 721802, 4, 4),
(34, 'Virág', 'Bélavári Virág', 'belavariv', '4ca11ca491f117615d667122e192c73f7f3acd44', '12. a', 729728, 4, 4),
(35, 'Eszter', 'Beleznai Eszter', 'beleznaie', '1df3797a948dbf067a7279a13ec51f9d5b9eb67c', '11. c', 737654, 4, 4),
(36, 'Lili', 'Bendik Lili', 'bendikl', 'e50225150a927f85d2c9befa24611001b0fe6d52', '7. a', 745580, 4, 4),
(37, 'Kristóf', 'Benkő Kristóf', 'benkok', '01e12230988223b7c43f1b0a0cea9d933391a2a8', '12. b', 753506, 4, 4),
(38, 'Sára Anna', 'Berényi Sára Anna', 'berenyis', 'c476370385cd5c68c3937559cfedd9ebb43ad0b0', '7. a', 761432, 4, 4),
(39, 'Boglárka', 'Béres Boglárka', 'beresb', '41014e23eb699dabbccb00801df7724c40c62869', '11. a', 769358, 4, 4),
(40, 'Lilla', 'Béres Lilla', 'beresl', '0e068a07a7d54dc77a8de73650fdf1d81ad85475', '10. b', 777284, 4, 4),
(41, 'Dániel', 'Berzéthy Dániel', 'berzethyd', 'b06a7b679dae6db5d2606dc745809561880c6bd9', '9. a', 785210, 4, 4),
(42, 'Péter', 'Bódás Péter', 'bodasp', '58494c6026e4103ac2f6993354738c8aaa316198', '9/Ny c', 793136, 4, 4),
(43, 'Gergő Tas', 'Bödör Gergő Tas', 'bodorg', 'c5da4d4254bf9d95b83ce6361dd5bf590d9209e4', '7. a', 801062, 4, 4),
(44, 'Réka', 'Bogár Réka', 'bogarr', 'a2083eced73efe683f3a2d88c13586c2f8470ed7', '11. b', 808988, 4, 4),
(45, 'Anna', 'Boros Anna', 'borosa', 'a968fa2eddf4eaeac587b413145e361fc3ed6c65', '9. b', 816914, 4, 4),
(46, 'Bálint', 'Borsodi Bálint', 'borsodib', '004a6df066dee8b34dfc29f7927fd06df9708c26', '9/Ny c', 824840, 4, 4),
(47, 'Bálint', 'Borsós Bálint', 'borsosb', '6590b6f1a2d594e953e039f537027425e591b4e5', '9/Ny c', 832766, 4, 4),
(48, 'Kristóf', 'Borsós Kristóf', 'borsosk', '6347dbe4b88769617dbd8494190096cc214c4032', '10. c', 840692, 4, 4),
(49, 'András Bálint', 'Botár András Bálint', 'botara', '4c283ced2bbf26f008c7e484528fb4fd02d9e97e', '10. a', 848618, 4, 4),
(50, 'Blanka', 'Both Blanka', 'bothb', '017bc895700643899f5d3e1eab30cd7e3d9c0cc6', '10. a', 856544, 4, 4),
(51, 'Botond', 'Brindza Botond', 'brindzab', '400d157a603dcaab0d6845f2ac765100760c66e5', '11. c', 864470, 4, 4),
(52, 'Gábor', 'Bugár Gábor', 'bugarg', '38e2e837e27fa619cf62ec5fc72d1d0d64788a1b', '10. b', 872396, 4, 4),
(53, 'Barbara', 'Bukó Barbara', 'bukob', '4b3cf1631749252fa1bece2057df95c2b67ffa76', '12. b', 880322, 4, 4),
(54, 'Patrik Gábor', 'Buzár Patrik Gábor', 'buzarp', 'd7e6c944cb7b950cbf8d836e6aed68ba1952e406', '10. b', 888248, 4, 4),
(55, 'Ottó', 'Czeglédi Ottó', 'czegledio', '02a25579736ec06ad901be32013402593d651e79', '12. a', 896174, 4, 4),
(56, 'Vazul György', 'Czifra Vazul György', 'czifrav', 'ae6c24f9d028d531d61be642e35e4c8f157f979d', '8. a', 904100, 4, 4),
(57, 'Luca Krisztina', 'Czikk Luca Krisztina', 'czikkl', '7f93b07fcb1881c3fc3a8f23ad780e6e873ebd4b', '11. b', 912026, 4, 4),
(58, 'Henrik', 'Csábi-Kis Henrik', 'csabi-kish', 'ceda06a45a3f066d187b0e9db82ea1feb3f702bc', '8. a', 919952, 4, 4),
(59, 'Botond Koppány', 'Csák Botond Koppány', 'csakb', '0c5f2e3e7221e395c4986db7616a5c09b59d0e8f', '12. d', 927878, 4, 4),
(60, 'Dorottya Csenge', 'Csák Dorottya Csenge', 'csakd', 'f6578c3e2a880a717ad306e03e8abf7c79e86c1a', '9/Ny b', 935804, 4, 4),
(61, 'Szabolcs Tibor', 'Csapó Szabolcs Tibor', 'csapos', '83e12c157c6cf451f86f3b38d6f850b49b93b2ce', '8. a', 943730, 4, 4),
(62, 'Boldizsár Bendegúz', 'Csatlós Boldizsár Bendegúz', 'csatlosb', '1d57a41ac33c1e892eb1cc86dbc8a9f918372eb7', '8. a', 951656, 4, 4),
(63, 'Dusan', 'Cseke Dusan', 'cseked', 'bf3af7174dd553bf7d688c3fdcca15ee953f03e7', '9/Ny b', 959582, 4, 4),
(64, 'Krisztina', 'Csepei Krisztina', 'csepeik', '92370874b56ffd68844e0346c112f1e03ea2504f', '7. a', 967508, 4, 4),
(65, 'Balázs', 'Cseresznyés Balázs', 'cseresznyesb', 'f74a38119ac82cf842abb854c2f1cc04c3b07c6a', '12. d', 975434, 4, 4),
(66, 'Gabriella', 'Csider Gabriella', 'csiderg', '5d5497b18cc54618d1078913adc7334551f0e43d', '11. a', 983360, 4, 4),
(67, 'Dávid', 'Csizmadia Dávid', 'csizmadiad', 'd8afeb97779d3977e8b0d17e50a5a1612d02c8da', '9. c', 991286, 4, 4),
(68, 'Éva', 'Csomor Éva', 'csomore', '496e08a84a700f50b3b67186d9972cab6fca34a8', '12. c', 999212, 4, 4),
(69, 'János', 'Csomós János', 'csomosjanos', '8b9ae514905608b0e1001b67e90a5fd68a5050ad', '12. c', 1007138, 4, 4),
(70, 'Enikő', 'Csótai Enikő', 'csotaie', '9a6979a7fb5149c99d37e821c83cc34cc8161f3d', '9. a', 1015064, 4, 4),
(71, 'Zsófia', 'Csótai Zsófia', 'csotaiz', 'ee652a826e5b2b87e72e60564c12ead4f91448b7', '10. b', 1022990, 4, 4),
(72, 'Bálint Bence', 'Csutak Bálint Bence', 'csutakbence', '648363af4eebbf7c925cb37f4d1d8d8791849af5', '9. c', 1030916, 4, 4),
(73, 'Sára Tímea', 'Dankowsky Sára Tímea', 'dankowskys', 'eb6395590137eb293c6ee2d26f0766ad923ad7e2', '10. c', 1038842, 4, 4),
(74, 'Blanka', 'Danóczy Blanka', 'danoczyb', 'dd14d722e4b4b68996ffeaa9696be3a8aa85007b', '10. b', 1046768, 4, 4),
(75, 'Dániel', 'Daróczi Dániel', 'daroczid', 'a73e963663fe6d8c2877a0053540241629932c40', '9. c', 1054694, 4, 4),
(76, 'Bálint Soma', 'Debiec Bálint Soma', 'debiecb', '01963f4cf1d0cf4e4435841b68908dc7edcb7183', '9. b', 1062620, 4, 4),
(77, 'Dániel', 'Debreceni Dániel', 'debrecenid', '48913ac5376d8b3e5c4eec2d7ff8f6b5bab66356', '12. d', 1070546, 4, 4),
(78, 'Barbara Fruzsina', 'Deme Barbara Fruzsina', 'demeb', '04fd61991c2e7780be637e89c34b1a7f81f9e097', '12. c', 1078472, 4, 4),
(79, 'László Szilveszter', 'Demjén László Szilveszter', 'demjenl', '294630be7e8d13971d8582268d75fdedb2dbba36', '12. b', 1086398, 4, 4),
(80, 'Nándor Nuri', 'Dereci Nándor Nuri', 'derecin', '73bd3e9f11506bde94d7f6a3b1fb280c6f4ea447', '12. c', 1094324, 4, 4),
(81, 'Domonkos', 'Kovács Domonkos', 'dkovacs', 'acef3957f09f3141a12e6b989c13816ab68db005', '12. a', 1102250, 4, 4),
(82, 'Kristóf Áron', 'Dobozi Kristóf Áron', 'dobozik', 'b423ada6ef29d5cfa1343bff6f404301023707ba', '8. a', 1110176, 4, 4),
(83, 'Gitta', 'Domina Gitta', 'dominag', 'd800d7760888c7407752ddececfa7de8f6411f31', '10. b', 1118102, 4, 4),
(84, 'Bendegúz Barna', 'Dörnyei Bendegúz Barna', 'dornyeib', '5aa7f15145f0f6a8a2be01299afccd0ce9505386', '8. a', 1126028, 4, 4),
(85, 'Bercel', 'Dózsa Bercel', 'dozsab', 'd9f672c3e4e1ba9c3d2143a6424d108b9fba17ea', '12. d', 1133954, 4, 4),
(86, 'Gábor', 'Dragomán Gábor', 'dragomang', 'cd219ec0d2c9e6367b4a23c0263860281a3901a4', '8. a', 1141880, 4, 4),
(87, 'Máté István', 'Dura Máté István', 'duram', 'f15c61626f12ed30d4a90cca1260ec2680a75bfd', '11. b', 1149806, 4, 4),
(88, 'Ruben István', 'Durkó Ruben István', 'durkor', '34e3cc7028ddbc90a2eb90cb34340a32e64b7ee6', '11. b', 1157732, 4, 4),
(89, 'Luca', 'Éberling Luca', 'eberlingl', '1265f128cb414f5ebd2041409cf861608e6b476f', '9. a', 1165658, 4, 4),
(90, 'Boldizsár', 'Egressy Boldizsár', 'egressyb', '1c375aeab78440bdc684509a67d6f2a563d6ad02', '10. a', 1173584, 4, 4),
(91, 'Zoltán Dávid', 'Egri Zoltán Dávid', 'egriz', '7cc1ce02a11e5f34b387f3eafd8ecb68d19a749f', '11. a', 1181510, 4, 4),
(92, 'Milos Andor', 'Eimann Milos Andor', 'eimannm', 'cd7b8bc570421b337d1bbcb68c139ab905cb9090', '10. b', 1189436, 4, 4),
(93, 'Réka', 'Ekés Réka', 'ekesr', '31ba6e63a2400d000b2e7153ae6e46e56458f74e', '11. c', 1197362, 4, 4),
(94, 'Petra', 'Enyedi Petra', 'enyedip', 'a3bdf38d7ebb2668b1054addfc5dc23a5c53f056', '9/Ny c', 1205288, 4, 4),
(95, 'Zsófia', 'Eppel Zsófia', 'eppelzs', '22edf0651b9cbbaf71638f2216d74d9eb3056fc0', '12. b', 1213214, 4, 4),
(96, 'Anna', 'Erdei Anna', 'erdeia', '1dd599a8080eff897dad05dfd029d2380bba58fd', '10. a', 1221140, 4, 4),
(97, 'Borbála Virág', 'Erdélyi Borbála Virág', 'erdelyib', '4c6609d94e3888db9dbb4adbf948e6f63f154c2b', '11. a', 1229066, 4, 4),
(98, 'Dorottya Emese', 'Erdélyi Dorottya Emese', 'erdelyid', 'dba432989689f56f66f70f8fb0b5e078a28ae066', '9. a', 1236992, 4, 4),
(99, 'Máté', 'Fábián Máté', 'fabianm', '808d823e87a981fcfdea86a4faa657da9ecedab8', '12. d', 1244918, 4, 4),
(100, 'Noémi Anna', 'Fábián Noémi Anna', 'fabiann', '3015e0a0a229bcca6255a70e0f93cac16b5ec9f5', '11. a', 1252844, 4, 4),
(101, 'Benjámin Róbert', 'Fabó Benjámin Róbert', 'fabob', '8892bac872f44ee64b35ef84dea176ae504af4fd', '12. c', 1260770, 4, 4),
(102, 'Anna', 'Farkas Anna', 'farkasa', '729f1db2d8e5cce664dc7c33a6d33baf2a6176bc', '12. c', 1268696, 4, 4),
(103, 'Bálint', 'Farkas Bálint', 'farkasb', '8f7088b2bf07cca47200ea11363cb32faecfd35c', '9/Ny b', 1276622, 4, 4),
(104, 'Botond', 'Farkas Botond', 'farkasbo', 'a3036cf5cc248968034d6e2893d6fbac326c7f50', '11. a', 1284548, 4, 4),
(105, 'Fruzsina Flóra', 'Farkas Fruzsina Flóra', 'farkasf', 'ac8fcc358f06c7796ed99563443ea68964fa7a35', '10. b', 1292474, 4, 4),
(106, 'Olivér', 'Farkas Olivér', 'farkaso', '1810b854779923bc181826d6c89c46dcde524e01', '9. b', 1300400, 4, 4),
(107, 'Ozor', 'Farkas Ozor', 'farkasozor', 'a6b547ba4e6ac986885a326d5dc283f1db9ababe', '7. a', 1308326, 4, 4),
(108, 'Petra', 'Farkas Petra', 'farkasp', '490db06e7cca955c9aca2916d3fac1fa10c9aad6', '9. b', 1316252, 4, 4),
(109, 'Réka', 'Farkas Réka', 'farkasr', '1d3771acc7a082b2877913be813ecf5a159d3588', '10. a', 1324178, 4, 4),
(110, 'Kitti', 'Farmasi Kitti', 'farmasik', 'dfe43ce8bff958850700ae79e53d2c211172f02d', '12. c', 1332104, 4, 4),
(111, 'Mihály Samu', 'Fazekas Mihály Samu', 'fazekass', 'b70f14d89e155356959a9547c2c8865e7957f456', '12. a', 1340030, 4, 4),
(112, 'Józsa Cseperke', 'Fehér Józsa Cseperke', 'feherj', '9214b05b4a2ed47c2444e6592c4de573a8943a06', '9/Ny c', 1347956, 4, 4),
(113, 'Zsombor', 'Fehér-Kaplár Zsombor', 'feherkzs', '6eb3527dab18f0d15ce0622d1e8a8daf341c9ade', '9/Ny c', 1355882, 4, 4),
(114, 'Zsolt András', 'Fejes Zsolt András', 'fejeszs', 'a1dff5d7707ff7af3f3c44e5ecc861cfe79af600', '10. a', 1363808, 4, 4),
(115, 'Zóra', 'Feller Zóra', 'fellerz', '5ed4279091377babe7f3961d2b9314dbdf4d7bf7', '9. b', 1371734, 4, 4),
(116, 'Tamás Balázs', 'Fenyvesi Tamás Balázs', 'fenyvesit', '25b9a28205f7ea30284723a65e08875d61d0b3f0', '10. b', 1379660, 4, 4),
(117, 'Emese Tünde', 'Ferth Emese Tünde', 'ferthe', '1b83569167b7deeaf57ba3e6ec478d74cadd25ff', '12. a', 1387586, 4, 4),
(118, 'Réka', 'Fiala Réka', 'fialar', '36a22b816d16ea99d9f6ffff24883454c38f5c89', '11. c', 1395512, 4, 4),
(119, 'Blanka', 'Firtha Blanka', 'firthab', '78ba89998de4de29f036b97b3a93ba84a8192532', '9. c', 1403438, 4, 4),
(120, 'Péter', 'Fischer Péter', 'fischerp', '8e7c15b47ebdea1e459e99f2c926a11a8d4d3a66', '7. a', 1411364, 4, 4),
(121, 'Csenge', 'Földvári-Nagy Csenge', 'foldvarics', '2e81750eff749293a1bedb220cb9c4ef25a9c417', '11. b', 1419290, 4, 4),
(122, 'Ágnes', 'Fortenbacher Ágnes', 'fortenbachera', '5bcf6e553ab410257f7486279f59cc722e915c9c', '11. c', 1427216, 4, 4),
(123, 'Tihamér', 'Fotyék Tihamér', 'fotyekt', '010a60b7ee05c65dfcf00021c8f8d42774a01859', '11. b', 1435142, 4, 4),
(124, 'Dominik', 'Frey Dominik', 'freyd', '3e2eb57a5295767a061e62c68120b4c4abadd86c', '11. d', 1443068, 4, 4),
(125, 'Szabolcs László', 'Fülöp Szabolcs László', 'fulopsz', 'c2384b9d03f07823c28bbeb44f7af238d501adbe', '11. d', 1450994, 4, 4),
(126, 'Krisztián Ruben', 'Futó Krisztián Ruben', 'futok', '780ec9542158a31243b7d447c2ce6dbc966c2cb1', '9/Ny c', 1458920, 4, 4),
(127, 'Dorottya', 'Gaál Dorottya', 'gaald', 'c28f88e6411f004ef61ee545bf98a62215661b21', '10. c', 1466846, 4, 4),
(128, 'Gergő', 'Gacs Gergő', 'gacsg', '6a1217c4a81322935895c15f03b58de85b265487', '11. b', 1474772, 4, 4),
(129, 'Krisztián', 'Gálvölgyi Krisztián', 'galvolgyik', '60cd6ada87aa7de33798039a8cb60ba9653484b1', '12. a', 1482698, 4, 4),
(130, 'Júlia Eszter', 'Garami Júlia Eszter', 'garamij', '73a7cd8879a9f4e3638dc2f4c6d952f787b95d1c', '9. a', 1490624, 4, 4),
(131, 'Kristóf Noel', 'Garami Kristóf Noel', 'garamik', 'b4c26c5b441e8f9dc0ce7ab05f85730657f217b0', '11. b', 1498550, 4, 4),
(132, 'Barnabás', 'Gárdai Barnabás', 'gardaib', '044d3a96195ac5f0240ee34799ae37599feb1bf9', '10. c', 1506476, 4, 4),
(133, 'Máté Benedek', 'Gáspár Máté Benedek', 'gasparm', '137087c57b571d1c952fb768cf75c16550ab0f7a', '7. a', 1514402, 4, 4),
(134, 'Katalin', 'Gazdag Katalin', 'gazdagk', 'a0cd7af290266f19ca81b608770235c0d8e173c4', '12. a', 1522328, 4, 4),
(135, 'Mária', 'Gazdag Mária', 'gazdagm', '2ab9522a72700b78a5d9c6cde1b7e8f43ca0103a', '10. a', 1530254, 4, 4),
(136, 'Nóra Júlia', 'Geiszl Nóra Júlia', 'geiszln', '523f283a23d7943cde297dcf406977c6ae70f2d3', '12. a', 1538180, 4, 4),
(137, 'Angéla', 'Gerey Angéla', 'gereya', '3c9fe3dea7ff7222bcaac6096d8b6113d00c84db', '10. b', 1546106, 4, 4),
(138, 'Zsófia', 'Gere Zsófia', 'gerez', '7a0dfc25de1698cba31da64e183e82bf7056ea29', '12. d', 1554032, 4, 4),
(139, 'Benedek Benjámin', 'Gergály Benedek Benjámin', 'gergalyb', '896e4b2cf985ac2fe1b5c41c18976c826bbea278', '12. d', 1561958, 0, 4),
(140, 'Janka Eszter', 'Gergály Janka Eszter', 'gergalyj', '11edee8942f4c1324b809d13fd53f935deb7e3f8', '9. a', 1569884, 4, 4),
(141, 'Péter', 'Glück Péter', 'gluckp', '57399c92109479c7473a62f21ac1b9b467dbcd50', '11. d', 1577810, 4, 4),
(142, 'Ádám', 'Göbhardter Ádám', 'gobhardtera', '22c8a8465acd7060e20e0d02d69bedc7f4fc065f', '10. c', 1585736, 4, 4),
(143, 'András', 'Golda András', 'goldaa', '40af3a598bbd47725e92bebec76f4fa5a93fba4a', '9/Ny c', 1593662, 4, 4),
(144, 'Noémi Lilla', 'Goschi Noémi Lilla', 'goschin', '608ddd5561bc062ef4eb11e0c7c5603a6c77a902', '10. c', 1601588, 4, 4),
(145, 'Barnabás', 'Graf Barnabás', 'grafb', '24a4d64f8c67654d0f0d6b9aa672e7ac35377a2a', '11. c', 1609514, 4, 4),
(146, 'Botond Máté', 'Gróf Botond Máté', 'grofb', '2e8e3a8de96f1319a0546d600b83a5b4f97d2146', '9. c', 1617440, 4, 4),
(147, 'Constance Viktória', 'Guinn Constance Viktória', 'guinnc', '5ea834e4849caec042021ae31684078aa20127c6', '9. b', 1625366, 4, 4),
(148, 'Eszter', 'Gulyás Eszter', 'gulyase', '12fa07ad8f2a309b42d35ad100e7a13699f5fca5', '11. c', 1633292, 4, 4),
(149, 'Márton Attila', 'Gyalog Márton Attila', 'gyalogm', 'b6f19ce26fe8d7e61b0366880081c1178832b2a6', '12. c', 1641218, 4, 4),
(150, 'Levente', 'Gyapjas Levente', 'gyapjasl', '59a3b44d5d728a3799e32f1b746dce0fccf19ecf', '8. a', 1649144, 4, 4),
(151, 'Emil Nándor', 'Gyenge Emil Nándor', 'gyengee', '45efd58cccd6e7f596ec3c4909c676d6b8781205', '9/Ny b', 1657070, 4, 4),
(152, 'Bence', 'Györfi Bence', 'gyorfib', 'c5f2340a5c13d90193cca21e607c1112c23367ad', '9. a', 1664996, 4, 4),
(153, 'Bálint', 'György Bálint', 'gyorgyb', 'b485ae2d8c753d1f985362c028f3fdb4f9bb6f13', '8. a', 1672922, 4, 4),
(154, 'Blanka', 'Hajdu Blanka', 'hajdub', '3b7961e663428cc47594ab84e19208d561ad86ce', '7. a', 1680848, 4, 4),
(155, 'Lili', 'Hajdu Lili', 'hajdul', 'd5f02db79fd7d2e538fd623a463a34242f08f858', '10. c', 1688774, 4, 4),
(156, 'Balázs Marcell', 'Hajnal Balázs Marcell', 'hajnalb', '0b1162921893576b5a91a69eb5abd860bfe0416c', '12. d', 1696700, 4, 4),
(157, 'Gábor László', 'Halas Gábor László', 'halasg', '89d2983db24f571852923432b41b5719a3f80973', '10. b', 1704626, 4, 4),
(158, 'Kyra', 'Halász-Hohmann Kyra', 'halasz-hohmannk', '8ce27204630e639dfd40338310cce89c2a6c1643', '10. a', 1712552, 4, 4),
(159, 'Melitta', 'Halmavánszki Melitta', 'halmavanszkim', '7e0a3db45cb3904a7e902d5afbe1f77065a3a9b5', '10. b', 1720478, 4, 4),
(160, 'Cintia Klaudia', 'Halmi Cintia Klaudia', 'halmic', '933b44a16072169616bbf674d81dfd8d54a95b19', '12. c', 1728404, 4, 4),
(161, 'Anita', 'Halmos Anita', 'halmosa', '0709734424719c52340d7434cd173b56ef23ec90', '11. d', 1736330, 4, 4),
(162, 'Henriett', 'Hamikus Henriett', 'hamikush', '1aa6835a63424243e2304a8d4aaa176d70a3dc4a', '11. c', 1744256, 4, 4),
(163, 'Petra Magdolna', 'Hargitai Petra Magdolna', 'hargitaip', 'dc71c711bf8ae22356744cd80816cd01b3c06313', '12. a', 1752182, 4, 4),
(164, 'Zsófia', 'Harta Zsófia', 'hartaz', 'cebf610e4c92b9d6731e9e67360f481bfd98f927', '9. c', 1760108, 4, 4),
(165, 'Borbála', 'Haspel Borbála', 'haspelb', '40d1be29adf42bcea3766408c72254a743d63d5b', '12. c', 1768034, 4, 4),
(166, 'Kinga', 'Havasi Kinga', 'havasik', 'b5221efdc19559156ea350110a69dda97f208dbe', '8. a', 1775960, 4, 4),
(167, 'Magdolna', 'Heiszer Magdolna', 'heiszerm', 'b0b2105d773435aea5a1e04e731f627a3ca93f2d', '11. c', 1783886, 4, 4),
(168, 'Levente', 'Heizer Levente', 'heizerl', '32196f15b25716fe839292cda3e2e3da6a64d0a3', '12. d', 1791812, 4, 4),
(169, 'Szabolcs József', 'Helmeci Szabolcs József', 'helmecisz', 'b887ea7f1c3f8a339450f1fa8594abe7c24a5a8b', '11. c', 1799738, 4, 4),
(170, 'Adél', 'Herczegh Adél', 'herczegha', 'f4f6dc85811790f47c6ef4f120ee82765fc0dfd5', '11. b', 1807664, 4, 4),
(171, 'Lili', 'Hoffmann Lili', 'hoffmannl', '59284e3ab4987424f8645a235bde637dfcc5fd9b', '9. a', 1815590, 4, 4),
(172, 'Laura', 'Hollósy Laura', 'hollosyl', 'd0ec46d04f8646037ebd0ec4a647a2cb4c191ede', '10. b', 1823516, 4, 4),
(173, 'Krisztofer Zsolt', 'Hornyák Krisztofer Zsolt', 'hornyakk', 'ad34d1537f480333d1c32d9810847f07d9a2a002', '10. a', 1831442, 4, 4),
(174, 'Anna Mária', 'Hortobágyi Anna Mária', 'hortobagyia', 'c908dfcb761110b066195d75297ba7b4999bf4aa', '9/Ny c', 1839368, 4, 4),
(175, 'Bence', 'Horváth Bence', 'horvathb', 'e1e9b07664f487f468e01488ed441ff08b969ee8', '10. a', 1847294, 4, 4),
(176, 'Barnabás', 'Horváth Barnabás', 'horvathbarnabas', '54d6e95c4215f00d08bef51aa66318e1e56ea9d9', '10. b', 1855220, 4, 4),
(177, 'Botond', 'Horváth Botond', 'horvathbotond', '7d2bbea7c91dd00b0e2ca08aeab2a42ff96e6fe3', '8. a', 1863146, 4, 4),
(178, 'Dóra Málna', 'Horváth Dóra Málna', 'horvathd', '5f27ea7442483f52e3c2f53484032ce9cea766f0', '10. b', 1871072, 4, 4),
(179, 'Gyula', 'Horváth Gyula', 'horvathgy', 'f083c2d89b9882a51cd8aa2a1c65583e16779bae', '7. a', 1878998, 4, 4),
(180, 'Levente Ferenc', 'Horváth Levente Ferenc', 'horvathl', '4e292e7df00bf92a3a17d6c52f96e94f3b4b468b', '12. d', 1886924, 2, 4),
(181, 'Natália Mira', 'Horváth Natália Mira', 'horvathn', 'e3ff6cac8cf69da98cb9105bc24ad4142807964e', '9. c', 1894850, 4, 4),
(182, 'Richárd', 'Hruby Richárd', 'hrubyr', 'f7c880673c1f7ea3fe480a18419a823f8fe825f5', '12. b', 1902776, 4, 4),
(183, 'Alex László', 'Hupuczi Alex László', 'hupuczia', '319b07f31bea097b48d24940ef60872fa5750f65', '12. b', 1910702, 4, 4),
(184, 'Dorka', 'Ilcsik Dorka', 'ilcsikd', '4042e750614884d603758b8708f4f005d584ec74', '9. b', 1918628, 4, 4),
(185, 'Márk', 'Ilcsik Márk', 'ilcsikm', '9196e815f75840e04b6da9302057625f52cf010a', '12. b', 1926554, 4, 4),
(186, 'Dániel Balázs', 'Inges Dániel Balázs', 'ingesd', '9908f811bbcaf92d00c4c6dcbe77f497dc568303', '10. b', 1934480, 4, 4),
(187, 'Konrád Joel', 'Jakab Konrád Joel', 'jakabk', 'b7cb6e9a7df0f2a07a0f049440db34965500b174', '11. d', 1942406, 4, 4),
(188, 'Virág', 'Jancsó Virág', 'jancsov', 'aff350e4a61cf99e98135070246bd7237791c4bb', '10. c', 1950332, 4, 4),
(189, 'Zsófia', 'Jánócsik Zsófia', 'janocsikzs', 'a546ec7caf911a0608b7546bdaa2ff4970eaa302', '12. b', 1958258, 4, 4),
(190, 'Lili Júlia', 'Janurik Lili Júlia', 'janurikl', 'bf6cfa22a0e7bda17bd7e362d05147dd5b51d3be', '9/Ny b', 1966184, 4, 4),
(191, 'Farkas Bálint', 'Jordán Farkas Bálint', 'jordasf', 'dc4fbc2c18ec4679189de58f4873703318550420', '9/Ny b', 1974110, 4, 4),
(192, 'Vilmos András', 'Jordán Vilmos András', 'jordasv', '477414fb1ed103f4407b741fa568bc3925adf43f', '7. a', 1982036, 4, 4),
(193, 'Alexandra', 'Jovanovski Alexandra', 'jovanovskia', '9063f6a409b73e45d0525377e917735bc61a02fe', '10. c', 1989962, 4, 4),
(194, 'Róbert', 'Juharos Róbert', 'juharosr', 'fdee709919181c2fb20379d2d80334e22ac00851', '8. a', 1997888, 4, 4),
(195, 'Dalma', 'Juhász Dalma', 'juhaszdalma', '3dbfcf47f68bb17e9757ec6dd17e609e0e0f52d2', '9. a', 2005814, 4, 4),
(196, 'Debóra', 'Juhász Debóra', 'juhaszdebora', 'e62898057b86c9d0b329033ebe9fd53531ea6f3f', '11. b', 2013740, 4, 4),
(197, 'Kristóf Marcell', 'Juhász Kristóf Marcell', 'juhaszk', 'f7269670f09a20fae9e4cd9d06fcfbe03cfb4816', '9/Ny b', 2021666, 4, 4),
(198, 'Petra Zsófia', 'Juhász Petra Zsófia', 'juhaszp', 'ae02b48458703199b7c27fd3cda698f95702136b', '10. a', 2029592, 4, 4),
(199, 'Simon', 'Kalászi Simon', 'kalaszis', '4532f235bfc33ac22602a2438d865fa94ef37c5d', '9/Ny c', 2037518, 4, 4),
(200, 'Gergely', 'Kalina Gergely', 'kalinag', '14f3a21c556d5f63ee4c3129e0b5c0e4918970f8', '9. c', 2045444, 4, 4),
(201, 'Rudolf', 'Kálmán Rudolf', 'kalmanr', '5e5e288021b31402ef7656adc0d1fc1f2270d25e', '9/Ny b', 2053370, 4, 4),
(202, 'Csilla', 'Kalmár Csilla', 'kalmarc', 'b16bf69b0cad8ec69a36825802d9ee56b7bcfc60', '9. a', 2061296, 4, 4),
(203, 'Míra', 'Kalocsai Míra', 'kalocsaim', 'b5de0c07dc5a9c5fc451f06b1517f3972f4beedb', '7. a', 2069222, 4, 4),
(204, 'Petra', 'Kalocsai Petra', 'kalocsaip', '937485289a672fcf1ae759fde5711f33ba85aa14', '11. d', 2077148, 4, 4),
(205, 'Balázs István', 'Kalovits Balázs István', 'kalovitsb', 'a4ddbc5f2c1bdb0c09a1258429894142cab13f10', '9. c', 2085074, 4, 4),
(206, 'Panna Mária', 'Kalovits Panna Mária', 'kalovitsp', 'da25c9b637fcb22a0a8ea861b4416136c7607348', '9/Ny c', 2093000, 4, 4),
(207, 'Luca', 'Kaltenecker Luca', 'kalteneckerl', 'eacfe643040715359f345de7970a587524d79d48', '9/Ny c', 2100926, 4, 4),
(208, 'Gergő', 'Kapás Gergő', 'kapasg', '823e34961c4ca5da5ad49d9bf75cd9c9119655dc', '9. c', 2108852, 4, 4),
(209, 'Krisztián Barnabás', 'Kápolnai Krisztián Barnabás', 'kapolnaik', '4e850cb8c3845d968246d6654496821e07157a72', '9/Ny b', 2116778, 4, 4),
(210, 'Marcell Péter', 'Kapusy Marcell Péter', 'kapusym', 'fa99ff416167967c33a28bad850817ce14851e5f', '12. b', 2124704, 4, 4),
(211, 'Levente', 'Karai Levente', 'karail', '48db00efbbf939f599c0d093d1ac00cca8c72575', '12. c', 2132630, 4, 4),
(212, 'Levente Soma', 'Kardkovács Levente Soma', 'kardkovacsl', '5ffa55dfa15a7a494641d4a1e23ec9cae72a96bf', '9. a', 2140556, 4, 4),
(213, 'Bálint', 'Karkó Bálint', 'karkob', '763938ba6dcb261ce729b8565ed41d4c8d500e43', '7. a', 2148482, 4, 4),
(214, 'Péter', 'Karmacsi Péter', 'karmacsip', '1d64a874150f3d127c20cac2e39e0101c4ec1034', '11. d', 2156408, 4, 4),
(215, 'Kata', 'Kelemen Kata', 'kelemenk', '72b2554f16a18b9f1ed4d77c84ff4d25be9b62f0', '9/Ny b', 2164334, 4, 4),
(216, 'Márton Endre', 'Kenessey Márton Endre', 'kenesseym', '04c1c79e1b01e5c74528dbcab54fee4510af2795', '9/Ny c', 2172260, 4, 4),
(217, 'Martin Julián', 'Keranov Martin Julián', 'keranovm', '6a7e6ea11de19fd16533aaf6c362433f2bff1917', '7. a', 2180186, 4, 4),
(218, 'Dorottya', 'Kércz Dorottya', 'kerczd', 'c65ce931c777236f593e68a6310f469298201698', '12. a', 2188112, 4, 4),
(219, 'Viktor', 'Kércz Viktor', 'kerczv', '88f4c7c2728756374fd171d55531976a2459e534', '12. a', 2196038, 4, 4),
(220, 'Kíra', 'Kerekes Kíra', 'kerekesk', '8a4878e5fd19a11c9f53b65b1e78061616540956', '9/Ny c', 2203964, 4, 4),
(221, 'Tímea', 'Kerekes Tímea', 'kerekest', 'dd84aeb348f21136ce0639376f912e316600e610', '8. a', 2211890, 4, 4),
(222, 'Botond Zsolt', 'Kerékgyártó Botond Zsolt', 'kerekgyartob', 'a1b2730295764169802fda309a437bea232c1450', '12. d', 2219816, 4, 4),
(223, 'Ábel Bence', 'Keresztes Ábel Bence', 'keresztesa', '19b3306c30ade84687c04efe99d76f211023c4ce', '7. a', 2227742, 4, 4),
(224, 'Botond', 'Keresztes Botond', 'keresztesb', '8dbf6fe764c6240dd96e499f8dd4426e9314b3f5', '12. d', 2235668, 4, 4),
(225, 'Hunor', 'Keresztes Hunor', 'keresztesh', '5fac8f492b3fe03e46fb1ec67502430e5e9dd561', '11. d', 2243594, 4, 4),
(226, 'Hanna', 'Keresztes Hanna', 'kereszteshanna', 'db572c1146c43c7f96807496c74072b62b31d714', '9/Ny b', 2251520, 4, 4),
(227, 'Kincső', 'Keresztes Kincső', 'keresztesk', '0ff277f60dbc0475f303f3278bdafc51851e1a31', '9/Ny c', 2259446, 4, 4),
(228, 'Vilmos Zoltán', 'Keresztes Vilmos Zoltán', 'keresztesv', 'ad03494328dae3f230e1e7abaf70850d4737d4d0', '9. c', 2267372, 4, 4),
(229, 'Ákos Zoltán', 'Kereszturi Ákos Zoltán', 'kereszturia', 'a0dd0370dcdbda33d1b1080073e69feddfe35110', '9. c', 2275298, 4, 4),
(230, 'Soma Zoltán', 'Kereszturi Soma Zoltán', 'kereszturis', 'd6dbb4ead62e05a61076b695dbaca005692480a6', '8. a', 2283224, 4, 4),
(231, 'Alexandra Liliane', 'Kern Alexandra Liliane', 'kerna', '368d95c0e6dafe46297696d0b2efd201e1456ef9', '10. c', 2291150, 4, 4),
(232, 'Aliz', 'Kertész Aliz', 'kertesza', 'be5bc5b4b774dd3f909040f8a895657aebc1f46d', '10. c', 2299076, 4, 4),
(233, 'Janka', 'Kincses Janka', 'kincsesj', '6837a74a2db5027bc1bd6484c4e45c2e4cacf01f', '9. c', 2307002, 4, 4),
(234, 'Bálint', 'Király Bálint', 'kiralyb', '32a94d548d9ddc3ef4686a597a709056ff39bd08', '12. d', 2314928, 4, 4),
(235, 'Laura', 'Király Laura', 'kiralyl', 'f44895760805465d83fba644657602d05a36e86c', '12. c', 2322854, 4, 4),
(236, 'Albert Dániel', 'Kirov Albert Dániel', 'kirova', 'fc7a413592800ec3507272bb693f2763b4aa0f7f', '9. c', 2330780, 4, 4),
(237, 'Bianka', 'Kis Bianka', 'kisb', 'f62caf36329fdcc2864638ecae3247b9b9e085dd', '10. a', 2338706, 4, 4),
(238, 'Katalin', 'Kis Katalin', 'kisk', 'e06ea00bb9857f80070f2b1c50ac70562f4d7fc2', '11. a', 2346632, 4, 4),
(239, 'Máté', 'Kispál Máté', 'kispalm', '440d7d69c5335ad5eee9d2e802cb673f1f525362', '12. a', 2354558, 4, 4),
(240, 'Ádám', 'Kiss Ádám', 'kissa', '31e2f94a6fad11ab475ed2448dfbfacbc6749659', '10. a', 2362484, 4, 4),
(241, 'Bálint', 'Kiss Bálint', 'kissb', 'a097f0b034b7e3e9c0d7587a66f3e34b9238af37', '9. a', 2370410, 4, 4),
(242, 'Kira Vanda', 'Kiss Kira Vanda', 'kisskv', '4b842d4ce34ab58927969574111cdefc4087ef0a', '10. a', 2378336, 4, 4),
(243, 'Tomaj', 'Kiss Tomaj', 'kisst', 'cc96c3b14dfc88a4a766433680c809de580d0ccd', '7. a', 2386262, 4, 4),
(244, 'Viktória', 'Kiss Viktória', 'kissv', '10e6c764ee37de20bda803f0dbfd48e7d1a16e5d', '9. c', 2394188, 4, 4),
(245, 'Dávid', 'Klinger Dávid', 'klingerd', 'd8d1009a818cde50cd82e24cb0dc750355501945', '12. c', 2402114, 4, 4),
(246, 'Bálint Benedek', 'Kmetty Bálint Benedek', 'kmettyb', 'ad7b49f3548e22182fec42cba686a3935078ee7e', '11. d', 2410040, 4, 4),
(247, 'Eszter', 'Kmetty Eszter', 'kmettye', 'c73d638f5c387582b343a5e147f54a6d3e9fc3a8', '10. b', 2417966, 4, 4),
(248, 'Márton', 'Kocsárdi Márton', 'kocsardim', '266d2667bf20a494b17e17f90310f8da54255fe2', '9. a', 2425892, 4, 4),
(249, 'Blanka', 'Koji Blanka', 'kojib', '03b056e89d8106593944068faa6c0c83f301c163', '11. a', 2433818, 4, 4),
(250, 'Adél', 'Kollár Adél', 'kollara', '4a267d86878130b2f5906c47cbb388e84f53cdee', '8. a', 2441744, 4, 4),
(251, 'Beatrix', 'Koltai Beatrix', 'koltaib', 'b453d0f858c01561cb4bd5177b7c08c40f6841de', '12. d', 2449670, 4, 4),
(252, 'Benjámin', 'Koltai Benjámin', 'koltaibe', '7d701222685e488bc582e7538c412dd0046ab7ba', '11. d', 2457596, 4, 4),
(253, 'András Noel', 'Konrád András Noel', 'konrada', 'fc85891328c4dbbee32d897901c129261a22567d', '9. c', 2465522, 4, 4),
(254, 'Fanni', 'Koós Fanni', 'koosf', '8e0b274b0a6a18dec3f7a515f4abe96f43afa1e5', '9. c', 2473448, 4, 4),
(255, 'Dorottya', 'Kostyál Dorottya', 'kostyald', '2ee07f5c881bf400b2f21b6c78d8a60ed8dbaa4d', '10. c', 2481374, 4, 4),
(256, 'Bernadett Nóra', 'Köteles Bernadett Nóra', 'kotelesb', 'a190f34b1434ce1926c1dde09eea4811bb8ad888', '11. b', 2489300, 4, 4),
(257, 'Balázs Dávid', 'Kovács Balázs Dávid', 'kovacsdavid', '49c89e64604592b7a199877a61167585fe22e020', '9. a', 2497226, 4, 4),
(258, 'Eszter', 'Kovács Eszter', 'kovacseszter', 'f877594f70dbe91389914daa44b1a4df1f039225', '8. a', 2505152, 4, 4),
(259, 'Kincső Nárcisz', 'Kovács Kincső Nárcisz', 'kovacskincso', '0deecc9716d5751422d79886fdf9d27c5fdbd67b', '9. a', 2513078, 4, 4),
(260, 'Kristóf', 'Kovács Kristóf', 'kovacskristof', 'ae8f2722f4137cb7ef3b2b3a49f10e486c0a5e3c', '9/Ny c', 2521004, 4, 4),
(261, 'Lilla', 'Kovács Lilla', 'kovacsl', 'c4c5dd676356cd6fd98f6a9a95a2b868595f333e', '12. b', 2528930, 4, 4),
(262, 'Mátyás', 'Kovács Mátyás', 'kovacsmatyas', 'c12e39d663cf71c614fb9e9b4bcca81455376d32', '9. b', 2536856, 4, 4),
(263, 'Mira', 'Kovács Mira', 'kovacsmira', '940ece3dcd162cd0d130e75c2be073328412eca9', '9. b', 2544782, 4, 4),
(264, 'Panna Heléna', 'Kovács Panna Heléna', 'kovacsp', 'f3665898021a1e56e2be77bdebcb0bfe0f54e2b9', '11. a', 2552708, 4, 4),
(265, 'Sarolta Anna', 'Kovács Sarolta Anna', 'kovacss', '7e6ce06e31b3d0b086262b495163bb34d6c43e37', '10. b', 2560634, 4, 4),
(266, 'Zsombor', 'Kovács Zsombor', 'kovacsz', '79aa12ea1198e0324b261475c5a9068c24fb42f1', '9. b', 2568560, 4, 4),
(267, 'Zsófia', 'Kovács Zsófia', 'kovacszs', 'cf76419a157743b7cf50ce5aa5239dc93c46e8ad', '9/Ny b', 2576486, 4, 4),
(268, 'Lili', 'Kővári Lili', 'kovaril', '0c5212277a903f65fb408f69fe7a41e7e2957fca', '9/Ny c', 2584412, 4, 4),
(269, 'Bálint György', 'Kozma Bálint György', 'kozmab', 'bb9412398e5d9e576fd516cfc8c6ab4c8eb68c36', '9. c', 2592338, 4, 4),
(270, 'Panni', 'Kozsda Panni', 'kozsdap', 'da60fe73f845a08ba54fdb31a94cfbec010a205e', '12. a', 2600264, 4, 4),
(271, 'Péter', 'Kozsda Péter', 'kozsdapeter', '4b640c4915cccb4e4e9cb4014462f9a2de439fc5', '9. c', 2608190, 4, 4),
(272, 'Ádám', 'Krasovec Ádám', 'krasoveca', '2f12cd170ed280e41029e031cf01d9541ac887ab', '10. a', 2616116, 4, 4),
(273, 'Anna Hermina', 'Kubinyi Anna Hermina', 'kubinyia', '9f25b1da542e901d08c8473275286fdb809de573', '12. c', 2624042, 4, 4),
(274, 'Zita Margaréta', 'Kubinyi Zita Margaréta', 'kubinyiz', 'd7fa1fdd9ba40970a60f36a2766eaf2865afc500', '12. c', 2631968, 4, 4),
(275, 'Kevin Krisztián', 'Kubitsch Kevin Krisztián', 'kubitschk', 'c721f2ae32c84cf3984cdd3fa27ebf4ef10a0927', '8. a', 2639894, 4, 4),
(276, 'Ákos', 'Kukucska Ákos', 'kukucskaa', 'b4abca1bd33619a96d669c88f6d467d8335c2a19', '11. a', 2647820, 4, 4),
(277, 'Eszter', 'Kukucska Eszter', 'kukucskae', 'c765e34188494a20a2f51786c8a62f6a18f73c31', '7. a', 2655746, 4, 4),
(278, 'Alexandra', 'Kurucz Alexandra', 'kurucza', '982de4a4f671f546d8a287542c46344a1ce3b71b', '9. c', 2663672, 4, 4),
(279, 'Daniella', 'Kurucz Daniella', 'kuruczd', '3aee16f8669cb1460a924729d3da463ded348409', '11. c', 2671598, 4, 4),
(280, 'Dorottya', 'Kurunczi Dorottya', 'kurunczid', '8123bf2babae55617bfc4cf34df72ab50a55efd7', '9/Ny b', 2679524, 4, 4),
(281, 'Petra', 'Laczkó Petra', 'laczkop', '00cb8a1d78611e2dfad89e3b3b57f92838b15a33', '10. a', 2687450, 4, 4),
(282, 'Lőrinc', 'Ladányi Lőrinc', 'ladanyil', '49d14a29e29d3c5865e86deec8f55344d27ad439', '8. a', 2695376, 4, 4),
(283, 'Dóra', 'Lakatos Dóra', 'lakatosd', 'e9790c9da103e7d98636b0006c17bbcc4d179d61', '9. a', 2703302, 4, 4),
(284, 'Nóra Julianna', 'Lakatos Nóra Julianna', 'lakatosjulianna', '4359890174a12659fa91485a409a650d45681266', '8. a', 2711228, 4, 4),
(285, 'Márk', 'Lakatos-Tóth Márk', 'lakatosm', '0b9adc32ed30fe7dc4dc12e0fa40e94855a7bb01', '12. d', 2719154, 4, 4),
(286, 'Nóra', 'Lakatos Nóra', 'lakatosn', 'b4912bc9c545ff82f27bb51ec81138ef0b834347', '12. b', 2727080, 4, 4),
(287, 'Laura', 'Lanczki Laura', 'lanczkil', 'dbcce2d274f3562e6688393090cc6a3b5895192e', '11. c', 2735006, 4, 4),
(288, 'Barnabás', 'Láng Barnabás', 'langb', 'db3a6fe441a93ee5125756b5c9bca8681093d470', '8. a', 2742932, 4, 4),
(289, 'Barna', 'Lehota Barna', 'lehotab', '26537d14c6241b972006d43b1dd5dd1277cd6c7e', '10. a', 2750858, 4, 4),
(290, 'Blanka', 'Lehota Blanka', 'lehotablanka', 'd714516f655f0c34647aa5cf1cb687459b9f3426', '8. a', 2758784, 4, 4),
(291, 'Péter Kosztasz', 'Lenky Péter Kosztasz', 'lenkyp', 'e4a3db31909ebc8c232831f81079806c8157d404', '7. a', 2766710, 4, 4),
(292, 'Diána Hanga', 'Lethenyei Diána Hanga', 'lethenyeid', 'f5f26a0b6d2b5658cb2b260ce17eeb3505a042ca', '11. b', 2774636, 4, 4),
(293, 'Bence', 'Lévay Bence', 'levayb', '09884916a4c6a29b29cdb275dbf22202cbac4d94', '9. c', 2782562, 4, 4),
(294, 'András Máté', 'Levendovics András Máté', 'levendovicsa', 'e22c045d9df4cd8576938caadd9b5959eec4e79d', '9. a', 2790488, 4, 4),
(295, 'Fanni', 'Levendovics Fanni', 'levendovicsf', 'c0a98003cf80c6996159b3bd902581617ec0b429', '12. a', 2798414, 4, 4),
(296, 'Tímea Karolina', 'Lewkot Tímea Karolina', 'lewkott', '586ebef95d119f33d5f6dabe16c08941ec05cbda', '9. b', 2806340, 4, 4),
(297, 'Janka', 'Ligetfalvi Janka', 'ligetfalvij', '7e4c148bc743378173f77f510bd647557b50a971', '9. a', 2814266, 4, 4),
(298, 'Eszter', 'Liktor Eszter', 'liktore', 'f73a5f0b8c1dcaaac516039420aef4d954e59894', '12. a', 2822192, 4, 4),
(299, 'Mátyás', 'Lipcsei Mátyás', 'lipcseim', 'e68a162cc4395d96430ff20e9447835f4864c409', '12. b', 2830118, 4, 4),
(300, 'Janka', 'Lipódi Janka', 'lipodij', '702cd990b5eed55d6717654089dac3dc5463f560', '11. a', 2838044, 4, 4),
(301, 'Luca', 'Lipódi Luca', 'lipodil', '147d940a4582912ddf4cffaf21df88e866799179', '9/Ny c', 2845970, 4, 4),
(302, 'Szabolcs András', 'Ludvig Szabolcs András', 'ludvigsz', '6fb4baaa888a27a7af5627393e1447a6306b0868', '9/Ny b', 2853896, 4, 4),
(303, 'Dóra Zsófia', 'Lukács Dóra Zsófia', 'lukacsd', 'ef344904e02b7dec5ff1bc9c244bcad583c556b4', '9. a', 2861822, 4, 4),
(304, 'Márk János', 'Macsuka Márk János', 'macsukam', '9af1d084e641ed3094a9b1433641b5d36a19a49b', '11. d', 2869748, 4, 4),
(305, 'Matild Kinga', 'Magoss Matild Kinga', 'magossm', 'db632a8e9d3563b910e9b00539d2b69386fbcb5a', '11. d', 2877674, 4, 4),
(306, 'Míra Fanni', 'Majer Míra Fanni', 'majerm', '7a48b0882fca8ab11053193d16624514054008e6', '12. c', 2885600, 4, 4),
(307, 'Barnabás', 'Majoross Barnabás', 'majorossb', 'b83416d1e3dd2f8829af317994345c702e3f06fa', '11. c', 2893526, 4, 4),
(308, 'Sára Virág', 'Majzik Sára Virág', 'majziks', '3d6e8f08379ac5c1daa498e34fbab130c7d1cf98', '10. c', 2901452, 4, 4),
(309, 'György Mátyás', 'Marosvölgyi György Mátyás', 'marosvolgyigy', '20d516f05f1c29d392c951e609045f5ca938ab4b', '11. c', 2909378, 4, 4),
(310, 'Anna Zorka', 'Maróthy Anna Zorka', 'marothya', '341ef91084f8377ec90167446368998ae7992e5e', '', 2917304, 4, 4),
(311, 'Gréta', 'Márton Gréta', 'martong', 'e081838e15d13d472ecb92cf4117e5ee0650fe3a', '10. b', 2925230, 4, 4),
(312, 'Réka Mariann', 'Marton Réka Mariann', 'martonr', '32bbd37ec93983116ad1c14cd6e4b63b53dd40b1', '10. a', 2933156, 4, 4),
(313, 'Ákos', 'Marx Ákos', 'marxakos', 'b63ecbb293df57dce16aa01b6db57e9a03a65e97', '10. a', 2941082, 4, 4),
(314, 'Anett', 'Marxreiter Anett', 'marxreitera', '3d9ddd1b761fd16bf7f3aa5c023d504c67c99551', '10. c', 2949008, 4, 4),
(315, 'Etele Ferenc', 'Maschefszky Etele Ferenc', 'maschefszkye', '853b279f50d92471da40d8fb9788d157417e48d0', '9. b', 2956934, 4, 4),
(316, 'Dániel', 'Matécsa Dániel', 'matecsad', '12ce8c720fe2987c208cdc4060c3ae9d3a0cdc8a', '9/Ny c', 2964860, 4, 4),
(317, 'Gergely Áron', 'Matolcsy Gergely Áron', 'matolcsyg', '5ee0a88072a15183e065908d7426c543cc80a58c', '11. c', 2972786, 4, 4),
(318, 'Csenge', 'Mayer Csenge', 'mayercs', 'baafebc62aec266809caa9c2860d5d0f440960ef', '9/Ny b', 2980712, 4, 4),
(319, 'Anna', 'Medvegy Anna', 'medvegya', '96f03a44f1a71104a1394bc3a31153459b71abb4', '12. a', 2988638, 4, 4),
(320, 'Csongor', 'Melegh Csongor', 'meleghcs', '8b4267010cfa531af53ebadf73887b738167a939', '12. b', 2996564, 4, 4),
(321, 'Dóra', 'Merényi Dóra', 'merenyid', 'cbc676e5265abc108363efff0b5a2103567b3ca0', '9. b', 3004490, 4, 4),
(322, 'Hanga Laura', 'Mézes Hanga Laura', 'mezesh', '626d6f22eb09ab4e67085f0edb8cdccc3d4f4773', '10. b', 3012416, 4, 4),
(323, 'Petra', 'Mihályházi Petra', 'mihalyhazip', '705b1058d7aee9ff536fbeb193c7fd02e1ffcf1d', '7. a', 3020342, 4, 4),
(324, 'Vendel', 'Mikic Vendel', 'mikicv', 'b61817c8501386890914671b48cbc1ed19de9a59', '10. c', 3028268, 4, 4),
(325, 'Réka', 'Mocsári Réka', 'mocsarir', 'f48138f39e51c4a39e28bdca8a38403e1a978049', '9/Ny b', 3036194, 4, 4),
(326, 'Lilla Zsuzsanna', 'Mohos Lilla Zsuzsanna', 'mohosl', '4b7b0ecac1e2e82b3ec520820a1c1e0904fdc691', '11. c', 3044120, 4, 4),
(327, 'Réka Kamilla', 'Mohos Réka Kamilla', 'mohosr', '4997dafc0713153ae87bd1818a8e5c60c2aabf46', '9. c', 3052046, 4, 4),
(328, 'Gergely Balázs', 'Molnár Gergely Balázs', 'molnarg', '067d99c90a0cdba19f324af8cf424ea8c9d78c5f', '7. a', 3059972, 4, 4),
(329, 'Lilla', 'Molnár Lilla', 'molnarl', '412873f246bb4f562c7b65bbfd6d2c37c8427a13', '11. b', 3067898, 4, 4),
(330, 'Orsolya Barbara', 'Molnár Orsolya Barbara', 'molnaro', '06761d5e611b6cb760818ecbb7413b688ec2c1ac', '12. b', 3075824, 4, 4),
(331, 'Bence', 'Móricz Bence', 'moriczb', '6afb965d052cf7a241ee7f8a281c8c3e4324ad66', '12. c', 3083750, 4, 4),
(332, 'Martin Dominik', 'Mosonyi Martin Dominik', 'mosonyim', 'ef86296884f590a9276ee5c22039042639be4077', '10. c', 3091676, 4, 4),
(333, 'Boglárka Anna', 'Mucsi Boglárka Anna', 'mucsib', '6c51b369556fce6920e5f00bb95ffbcd9e1c8180', '11. b', 3099602, 4, 4),
(334, 'Marcell Balázs', 'Mucsi Marcell Balázs', 'mucsim', '8226106952601c91311736bf50030acfa31267f1', '12. d', 3107528, 4, 4),
(335, 'Márton László', 'Muzslay Márton László', 'muzslaym', 'dcb9decc61b0fcbe6f01ebdeeb17eacbf620b378', '11. a', 3115454, 4, 4),
(336, 'Ádám', 'Nagy Ádám', 'nagya', '0d296d2617a09a7d78674966bb898a5f8c8596ec', '11. d', 3123380, 4, 4),
(337, 'Botond', 'Nagy Botond', 'nagyb', '403be9667f438555eeeb2ad51ae3612d05d1b2f7', '11. c', 3131306, 4, 4),
(338, 'Barnabás', 'Nagy Barnabás', 'nagybarnabas', '1681a8cafea4787cfac38719131e2011dbf579b1', '10. b', 3139232, 4, 4),
(339, 'Bence', 'Nagy-Jávori Bence', 'nagybence', '1d22d587d0f3d8e278b14918df91fe5e8f88078d', '7. a', 3147158, 4, 4),
(340, 'Benedek', 'Nagy Benedek', 'nagybenedek', '43b6b252556411fde8941219db028df1bcd1a239', '10. c', 3155084, 4, 4),
(341, 'Csaba Norbert', 'Nagy Csaba Norbert', 'nagycs', '03ae184dc29cc692e6c75b999003c3bfee606461', '9/Ny b', 3163010, 4, 4),
(342, 'Emese', 'Nagy Emese', 'nagye', '64fcf694a70e95691b3436ff6d5418fef0aec00d', '9/Ny c', 3170936, 4, 4),
(343, 'Fruzsina', 'Nagy Fruzsina', 'nagyfr', '133cde0786455288a8fcafa0d5a2a6615e9f8fc3', '11. a', 3178862, 4, 4),
(344, 'Kevin', 'Nagy Kevin', 'nagykevin', '6b174add401dd319b3e11d2ba0884300223e7e91', '12. a', 3186788, 4, 4),
(345, 'Luca Hanna', 'Nagy Luca Hanna', 'nagyl', 'cf080b87945928c80452b1a3610b4941652c7ad1', '9. a', 3194714, 4, 4),
(346, 'Lili Lilla', 'Nagy Lili Lilla', 'nagylili', '94018087de6fe7a749b866ef462a2b3d0225f0bf', '10. c', 3202640, 4, 4),
(347, 'Márton', 'Nagy Márton', 'nagym', '78a179f75d603072d4d3b3f495deea4b04b15687', '11. d', 3210566, 4, 4),
(348, 'Marcell', 'Nagy Marcell', 'nagymarcell', '8e136f187e7c11a1f288efd0cf21bc9400f02a2e', '7. a', 3218492, 4, 4),
(349, 'Dóra Lilla', 'Nemess Dóra Lilla', 'nemessd', 'a695c2a2cb9f4a7034508739a151aa2157386010', '8. a', 3226418, 4, 4),
(350, 'Trisztán', 'Nemes Trisztán', 'nemest', 'bec4c42af260993af71dc51faf2e3c62028ceea4', '9. b', 3234344, 4, 4),
(351, 'Máté', 'Németh Máté', 'nemethm', '392d7b3b08323dde712d5208f77e36991c509ee0', '9/Ny c', 3242270, 4, 4),
(352, 'Noémi', 'Németh Noémi', 'nemethn', 'fd87167559c8ed49acb642414fde8f1ed7ad9b01', '9. c', 3250196, 4, 4),
(353, 'Csanád', 'Neukum Csanád', 'neukumcs', 'e0ebb7ed7e7bf9710a644a3eeb148e5880dd8d59', '9/Ny b', 3258122, 4, 4),
(354, 'Anna', 'Nika Anna', 'nikaa', '64380c6464b830b82aeb8cc3ff79d371fac7c572', '11. c', 3266048, 4, 4),
(355, 'Atal', 'Nurgali Atal', 'nurgalia', 'eece7b1f12f0cb9cb6595139b47b8c9d026917d3', '12. b', 3273974, 4, 4),
(356, 'Zsombor Jakab', 'Nusser Zsombor Jakab', 'nusserzs', '648d360efb12455806ae96001caf52c1d8f65c06', '9/Ny b', 3281900, 4, 4),
(357, 'Virág', 'Nyirő Virág', 'nyirov', '62f11dfbe6230d670152f81c182db4824e305d9a', '10. b', 3289826, 4, 4),
(358, 'Panna', 'Nyitrai Panna', 'nyitraip', '992f0d565ae197365c989d68e8c85250d77876ec', '9. b', 3297752, 4, 4),
(359, 'Werner György', 'Obring Werner György', 'obringw', 'e1df6448887c6f82591f7728d1f5fd4721396962', '12. b', 3305678, 4, 4),
(360, 'Boldizsár', 'Oláh Boldizsár', 'olahb', 'ed59367884e45f04f9bba16d84ea3e3416459f61', '9. a', 3313604, 4, 4),
(361, 'Zsolt', 'Oláh Zsolt', 'olahzs', '30f42cab2d26940231c118d959c97fb78b2ec1cb', '12. d', 3321530, 4, 4),
(362, 'Bence', 'Orth Bence', 'orthb', '2bebb20373672c4ccc430847edf495c726601b45', '12. a', 3329456, 4, 4),
(363, 'Róbert Áron', 'Orzó Róbert Áron', 'orzor', '272ac7a7fcbf32546796310f456383c908433d4d', '10. b', 3337382, 4, 4),
(364, 'Zsófia Mária', 'Osgyányi Zsófia Mária', 'osgyanyizs', '0b57f3f201072de70f31573962dc63d71dd7eee3', '8. a', 3345308, 4, 4),
(365, 'Barna', 'Osztermayer Barna', 'osztermayerb', 'f22ed0aa7881220f15f47ad686639361bd0348f5', '11. d', 3353234, 4, 4),
(366, 'Dorka Réka', 'Osztermayer Dorka Réka', 'osztermayerd', 'b46655d501b662c5e0a94a418ad95e268c97b3d6', '11. a', 3361160, 4, 4),
(367, 'Péter Gábor', 'Osztobányi Péter Gábor', 'osztobanyip', 'a754d5d3c4f7e36f4fe4a35c6f3bf609d364911c', '9. b', 3369086, 4, 4),
(368, 'Barnabás', 'Pálffy Barnabás', 'palffyb', 'cb54ce77e9b0a40448eb0d7cd424918adc086ba4', '10. b', 3377012, 4, 4),
(369, 'Judit Eszter', 'Pál Judit Eszter', 'palj', 'd4d5837a5f6eeed7be7bc1a08bbf4ccf4cf299af', '11. c', 3384938, 4, 4),
(370, 'Annamária Beáta', 'Pallos Annamária Beáta', 'pallosa', '6e57881356dfc59fa93bd427250e4411fe48221c', '9/Ny c', 3392864, 4, 4),
(371, 'Veronika Teréz', 'Pálos Veronika Teréz', 'palosv', '5be9b82fa6aca7c4e508fd7f9f3687ed29a46238', '12. b', 3400790, 4, 4),
(372, 'Krisztián', 'Pankotai Krisztián', 'pankotaik', 'c42586fecda59c5e71609e5548ceda456e6d4064', '9. c', 3408716, 4, 4),
(373, 'Dóra', 'Pap Dóra', 'papd', '5a28e0dc1527c81a07f311d6251083eebc44a0fe', '11. b', 3416642, 4, 4),
(374, 'Dominik', 'Papp Dominik', 'pappd', 'f2f6f3efba5c6bd8f108e84224088ccecfc3b475', '9. c', 3424568, 4, 4),
(375, 'Gergely', 'Papp Gergely', 'pappg', 'bf5c4e4d86dcdf4946a75690a7ab7468b2abb341', '10. a', 3432494, 4, 4),
(376, 'Krisztián', 'Papp Krisztián', 'pappkr', 'f88102d0ddaf6bd73d61adc21ad67ad2244aee48', '11. d', 3440420, 4, 4),
(377, 'Máté Miklós', 'Papp Máté Miklós', 'pappm', 'eb76886d6151dcc4c42d4285bdd604103dce36e5', '11. a', 3448346, 4, 4),
(378, 'Vanda', 'Papp Vanda', 'pappv', '0b4fa21c826dbdc1b7057f2ef9e89e5cd5b514eb', '9. c', 3456272, 4, 4),
(379, 'Zsombor', 'Pap Zsombor', 'papz', 'a77ef24eb52c4af803ac4738f473c311248e5ac8', '11. b', 3464198, 4, 4),
(380, 'Bence', 'Pásztor Bence', 'pasztorb', 'aeb9ba432d91c0cbc47c5595d5201068ee3cd553', '11. b', 3472124, 4, 4),
(381, 'Csenge', 'Pásztor Csenge', 'pasztorcs', 'b36386d6b49662b0311d193b163984450d6d6ba8', '11. c', 3480050, 4, 4),
(382, 'Petra', 'Pásztor Petra', 'pasztorpe', 'e45ea1eb1397f3223a652b68bb140d1913d1798b', '12. b', 3487976, 4, 4),
(383, 'Levente Koppány', 'Pataky Levente Koppány', 'patakyl', '8d19f125d8f259422fe452ffb1705b60af7a066e', '9/Ny c', 3495902, 4, 4),
(384, 'Gergő', 'Pauer Gergő', 'pauerg', 'f36cac56ec476c6c5d8a839aa43a9b9383473c36', '9. c', 3503828, 4, 4),
(385, 'Kincső Sára', 'Paulay Kincső Sára', 'paulayk', '46ff07c93b7349a7c08c69a3071679ae9456dde4', '10. c', 3511754, 4, 4),
(386, 'Barbara Zsófia', 'Paulovics Barbara Zsófia', 'paulovicsb', '93509243df9a23d0c0b9db239a0518acd622f5b3', '11. c', 3519680, 4, 4),
(387, 'Patrícia', 'Péchy Patrícia', 'pechyp', 'f66dacdbe9cae440e158492be71ea0af6a343b0e', '10. a', 3527606, 4, 4),
(388, 'Bálint', 'Peszlen Bálint', 'peszlenb', '528763ff2f728f0faafeba5e2676b2b6cf9685d2', '11. a', 3535532, 4, 4),
(389, 'Blanka Linda', 'Péterfia Blanka Linda', 'peterfiab', 'e716699c1aca51c2aa901196b127b3172dcd62be', '7. a', 3543458, 4, 4),
(390, 'Botond Zoltán', 'Pethő Botond Zoltán', 'pethob', '477cf28c8764baee72c3e64722b54790fc86d200', '9/Ny c', 3551384, 4, 4),
(391, 'Dóra', 'Petrik Dóra', 'petrikd', 'adf6664eb0e61c05fb3d07ace6b6479aa909027a', '11. d', 3559310, 4, 4),
(392, 'Dorka', 'Petrovszki Dorka', 'petrovszkid', '964d16d1a1aaa57023c0e531127b50541cf1b484', '9. b', 3567236, 4, 4),
(393, 'Luca', 'Petz Luca', 'petzl', '25deb918157cf805837cbaafd9e2edc5f13cbdb4', '10. a', 3575162, 4, 4),
(394, 'Márton', 'Pichler Márton', 'pichlerm', 'ff8bd664b34a0c9db8afd988a4849948b98d8979', '7. a', 3583088, 4, 4),
(395, 'Zsófia', 'Pichler Zsófia', 'pichlerzs', 'a8b71b3f163a4856fdd20c93c6c98b65fca01731', '11. a', 3591014, 4, 4),
(396, 'Dániel', 'Pick Dániel', 'pickd', '2f25bdc2c94a4e196121a8d5ce28da4782880c34', '12. d', 3598940, 4, 4),
(397, 'Blanka', 'Pintér Blanka', 'pinterb', 'e6df9fba3ab560368e2a9f798ef72bb2d098cdce', '11. a', 3606866, 4, 4),
(398, 'Flóra', 'Pintér Flóra', 'pinterf', '7c55dd790798a02da6219f15661a25c791100e75', '10. b', 3614792, 4, 4),
(399, 'Zsombor Márk', 'Pintye Zsombor Márk', 'pintyez', 'da437b7f4e0b1797d4f597b7714889220dc76211', '9. b', 3622718, 4, 4),
(400, 'Luca', 'Pipis Luca', 'pipisl', 'ff02f7087029ae7097b61519e4bde4bea74e7d76', '12. a', 3630644, 4, 4),
(401, 'Petra Panna', 'Pipis Petra Panna', 'pipisp', '50278e4797b59e1d66569341bafa3ab83d726a96', '7. a', 3638570, 4, 4),
(402, 'Lázár András', 'Piroska Lázár András', 'piroskal', '8f8762b30ddabe1d2a61b2c3dd7d7696610c058b', '9. c', 3646496, 4, 4),
(403, 'Tamás', 'Pluhár Tamás', 'pluhart', '6f0d56b0c7023432785a2e394d947d46ee8aef6c', '7. a', 3654422, 4, 4),
(404, 'Simon Benedek', 'Póka Simon Benedek', 'pokas', '1d5376c94213e1ea6512bfac0d8221afe326587b', '8. a', 3662348, 4, 4),
(405, 'Nikolett', 'Polonkai Nikolett', 'polonkain', 'eb319a60296266ba44d784e4d40540bdc6d7f232', '12. a', 3670274, 4, 4),
(406, 'András', 'Pongrácz András', 'pongracza', 'd5d34d5da088cb66f5621cb7a0990c543ec8ccb1', '11. a', 3678200, 4, 4),
(407, 'Márton Ferenc', 'Pongrácz Márton Ferenc', 'pongraczm', '45b9dc06ceafc2247fbd85cd2987a48037322a67', '11. c', 3686126, 4, 4),
(408, 'Zsófia Margit', 'Pongrácz Zsófia Margit', 'pongraczzs', '4891ca9196bdb671aad3d0ebb145392ea8987518', '10. a', 3694052, 4, 4),
(409, 'Panna', 'Popovics Panna', 'popovicsp', 'f3c74557b473441505a0a36e0e9f8397f4ac4cb2', '9/Ny b', 3701978, 4, 4),
(410, 'Nóra', 'Pósfai Nóra', 'posfain', '5a347d4974f3c7af737bcf0199d7cfe77a0ee839', '7. a', 3709904, 4, 4),
(411, 'Barnabás', 'Póth Barnabás', 'pothb', '91574ba6d8c634d2438827e94808e0a828bfcda8', '10. a', 3717830, 4, 4),
(412, 'Flóra Judit', 'Póth Flóra Judit', 'pothf', 'be4164f319fab9b7959b909afb95e90a9dd68387', '9. a', 3725756, 4, 4),
(413, 'Csaba Tamás', 'Práger Csaba Tamás', 'pragercs', '87e1759d4922671e3cf1bc4d2eb59eb62df3bdbf', '9/Ny b', 3733682, 4, 4),
(414, 'Dorka', 'Práger Dorka', 'pragerd', '630799c101784303c4b8cf40f422bc8e06a4c0cd', '10. c', 3741608, 4, 4),
(415, 'Alexandra', 'Pünkösti Alexandra', 'punkostia', 'f0aaa25e68e9175767fcdf982cfb5ba93504be85', '12. c', 3749534, 4, 4),
(416, 'Anna Zsófia', 'Puskás Anna Zsófia', 'puskasa', 'c8bf78022e5a2733b659e1bf8a0c1862c0a1e6cc', '11. c', 3757460, 4, 4),
(417, 'Emese', 'Pusztai Emese', 'pusztaie', '715be4dd4ef0d738176d0ec5c67254d25ce63ed6', '10. c', 3765386, 4, 4),
(418, 'Piroska Fortuna', 'Pusztai Piroska Fortuna', 'pusztaip', '76fac232c0a2e5e1d6935aaa7b3c37d4308d0a48', '10. c', 3773312, 4, 4),
(419, 'Barna', 'Rábai Barna', 'rabaib', '16d8c131de0f373f302092d139c605be4185e55e', '12. c', 3781238, 4, 4),
(420, 'Kamilla', 'Rácz Kamilla', 'raczk', '4960c2f2df369cf39eafb6803d924b5932712daf', '12. c', 3789164, 4, 4),
(421, 'Csanád', 'Raschek Csanád', 'raschekc', 'b1009595eebb0c1852f1dc8ddeb4192f5fc2e5fe', '12. a', 3797090, 4, 4),
(422, 'Zsófia', 'Raschek Zsófia', 'raschekz', 'cff2b2401f9478f30b4b6aec2006215d50d455a7', '8. a', 3805016, 4, 4),
(423, 'Miklós', 'Rasovszky Miklós', 'rasovszkym', '44d7833e1c5524573425f7b0f55410585dcc5156', '11. b', 3812942, 4, 4);
INSERT INTO `students` (`id`, `firstName`, `fullname`, `username`, `OM`, `class`, `cookie`, `accessLevel`, `EGYOSZaccessLevel`) VALUES
(424, 'Sára', 'Rasovszky Sára', 'rasovszkys', '096130bec9156596b0a24b1087ffb3c13d9b6c98', '9/Ny c', 3820868, 4, 4),
(425, 'Noémi', 'Rátosi Noémi', 'ratosin', '8062fb230c054ed2cd06dff39efa36a0e25d7e81', '10. b', 3828794, 4, 4),
(426, 'Boglárka Beáta', 'Régi Boglárka Beáta', 'regib', '7f90ae762e1a77b4ea1a278f090b9385aab57669', '9/Ny c', 3836720, 4, 4),
(427, 'Benedek', 'Regőczi Benedek', 'regoczib', '1ff27f9be95a6fa048958dc258e0c5f68672fe33', '9. b', 3844646, 4, 4),
(428, 'Nóra', 'Regőczi Nóra', 'regoczin', '75a0d1c455c4f5c6bde88d9c5a71d8e316ea68f5', '8. a', 3852572, 4, 4),
(429, 'Petra', 'Regőczi Petra', 'regoczip', 'b45ec82dd403a1fa83515ed4be6d2d936c7efdb8', '10. b', 3860498, 4, 4),
(430, 'Zsombor', 'Reil Zsombor', 'reilz', 'f939801fc266ee984cee92c6a0acda2acb3a2b14', '9. c', 3868424, 4, 4),
(431, 'Barnabás Attila', 'Reska Barnabás Attila', 'reskab', '332babdf306cb2c9aad9acff536812b5036751fd', '12. d', 3876350, 4, 4),
(432, 'Jónás', 'Révész Jónás', 'reveszj', '4264925e4607a3fd12df8df9ecd17ecf7067a713', '12. d', 3884276, 4, 4),
(433, 'Antal', 'Rimár Antal', 'rimara', '48d15c6db48716bd7ffeb2dd1a62340c97f1960d', '12. d', 3892202, 4, 4),
(434, 'Rozina', 'Romsics Rozina', 'romsicsr', '9f04a7e47f9e3615ba0df809eaf04c1ae6978190', '9. b', 3900128, 4, 4),
(435, 'Emma Júlia', 'Rosch Emma Júlia', 'rosche', '32bb9542669c49699c7cfc568cfb9948e2df4c7c', '9/Ny b', 3908054, 4, 4),
(436, 'Péter László', 'Rózsavölgyi Péter László', 'rozsavolgyip', 'c888a3d16ce0cbe40e483f5a55363d4138230064', '9. a', 3915980, 4, 4),
(437, 'Péter', 'Rozsnyói Péter', 'rozsnyoip', 'e04f32f4ea330257e886d322ef9b9bfc340a3293', '11. c', 3923906, 4, 4),
(438, 'Réka', 'Rozsnyói Réka', 'rozsnyoir', '3bfa31f3d56ccfbc7a82c92621318c8cb8af4a73', '12. c', 3931832, 4, 4),
(439, 'Dániel Ottó', 'Sáfár Dániel Ottó', 'safard', '5b669e2a72060794b49f12efb6ace7ab24ceea1d', '9. a', 3939758, 4, 4),
(440, 'Ivett', 'Sági Ivett', 'sagii', 'd88318fe896a603d843fb5a01d8099ab6bc26797', '9/Ny b', 3947684, 4, 4),
(441, 'Petra', 'Sági Petra', 'sagip', '414677fe57f04185bd7145048e77df2db8c49c1e', '11. b', 3955610, 4, 4),
(442, 'Mei', 'Saito Mei', 'saitom', 'b784066afcdd22e3548386595c2b10d8987109d6', '11. a', 3963536, 4, 4),
(443, 'Kristóf', 'Sajtos Kristóf', 'sajtosk', 'f93781d1eccc46be808866f924f998a4f07daf32', '7. a', 3971462, 4, 4),
(444, 'Attila', 'Salamon Attila', 'salamona', 'ce83d9c257bdc757c3611ed2121ebf8731b7fc5c', '10. c', 3979388, 4, 4),
(445, 'Dávid', 'Sali Dávid', 'salid', '3ce1ac4846a01d82fb3d8c26833df92e1c3c9eb6', '9. a', 3987314, 4, 4),
(446, 'Mihály', 'Sánta Mihály', 'santas', '1309af20b2052d6d4a09c8183b00b80f344851c4', '12. c', 3995240, 4, 4),
(447, 'Zsolt', 'Sárkány Zsolt', 'sarkanyz', '25333d71923f039a163c55c879638f913eee6b95', '9. b', 4003166, 4, 4),
(448, 'Edina', 'Sárközi Edina', 'sarkozie', '5c4743da2992f15259b0d942caffefcc0c5eb471', '12. c', 4011092, 4, 4),
(449, 'Tamás', 'Sárközi Tamás', 'sarkozit', 'b7def6fd23a87ce1c3494c02da7d77b25554ab1d', '9/Ny b', 4019018, 4, 4),
(450, 'Zsófia Erzsébet', 'Schmidt Zsófia Erzsébet', 'schmidtzs', '0e9cba98f6c323b00c95daedd926970e1e4da45f', '9/Ny c', 4026944, 4, 4),
(451, 'Márk István', 'Schutzbach Márk István', 'schutzbachm', 'f15d0a301774d31909bb35546c285a2327214e7e', '11. c', 4034870, 4, 4),
(452, 'Dávid', 'Sebestyén Dávid', 'sebestyend', '589a3c04a5fa098238c5909a9498e273c3c0b4c8', '12. a', 4042796, 4, 4),
(453, 'Zsófia Veronika', 'Sebeszta Zsófia Veronika', 'sebesztaz', '645137f7ac6005c6913bf077bb01563f87ae448a', '10. b', 4050722, 4, 4),
(454, 'Máté Kolos', 'Sejlinger Máté Kolos', 'sejlingerm', '9db49607354379c3a3ad6227c90189cdf4ecedaa', '9. b', 4058648, 4, 4),
(455, 'Andrea', 'Seri Andrea', 'seria', 'd4cd72a0461d37c1f0ea677fdbf43a1f9c0ea1cd', '10. a', 4066574, 4, 4),
(456, 'Csaba', 'Simon Csaba', 'simonc', '0193f76d620e3061ff665a14a15eb2d95760d826', '9. b', 4074500, 4, 4),
(457, 'Gábor', 'Simon Gábor', 'simong', '9f518444c8484e615f781dca03057427cea0d851', '10. c', 4082426, 4, 4),
(458, 'Martin', 'Sinka Martin', 'sinkam', '1755c3ad6b85d34772b1c2da6f21baf041b4b364', '9. b', 4090352, 4, 4),
(459, 'Viktória', 'Sipkovits Viktória', 'sipkovitsv', '57fc6a011e53fc97a30e3176d7e6be8801e10cd1', '10. b', 4098278, 4, 4),
(460, 'Anna', 'Sipos Anna', 'siposa', '148fb7803b8e5d266ca9a1fb3d709382430aceff', '9. b', 4106204, 4, 4),
(461, 'Dorka Panni', 'Sipos Dorka Panni', 'siposd', '0dfb38f2556ff58c9168deb4e7ce123999408f1d', '9/Ny c', 4114130, 4, 4),
(462, 'Gergő Szabolcs', 'Sipos Gergő Szabolcs', 'siposg', 'c917e0bf5c496cd1ab35a4320b291591378b134a', '10. c', 4122056, 4, 4),
(463, 'Boglárka Anna', 'Skuczi Boglárka Anna', 'skuczib', 'e3cda6e759dc6ffb4788be9bbe3f6dc1791d8c2f', '10. b', 4129982, 4, 4),
(464, 'Eszter Kincső', 'Soós Eszter Kincső', 'soose', '7935e2a27bda685bc40e47369a06589563ca0ec0', '11. a', 4137908, 4, 4),
(465, 'Péter Kristóf', 'Soós Péter Kristóf', 'soosp', '8aa7b0e0bc2ec3fb2eac088bd00ce3788392e9af', '9. a', 4145834, 4, 4),
(466, 'Csenge Vivien', 'Sorbán Csenge Vivien', 'sorbanc', 'aaec8a3a7509c259d25479d3448395367bd64501', '10. b', 4153760, 4, 4),
(467, 'Anita', 'Stammel Anita', 'stammela', 'fb0a3631d64da33da6b0912813f9e8f2d78e4cca', '9/Ny c', 4161686, 4, 4),
(468, 'Ádám', 'Steer Ádám', 'steeradam', '7f8c7127a7feb3dac53b260f41305a82269931cd', '12. c', 4169612, 4, 4),
(469, 'Zsófi', 'Steingart Zsófi', 'steingartzs', '7762d4c737e612170dc8c24ac193fbd804030ccd', '10. a', 4177538, 4, 4),
(470, 'Réka Alexandra', 'Such Réka Alexandra', 'suchr', '7400fafe5b920c2b2627249b95f48aeaf35c143f', '9. b', 4185464, 4, 4),
(471, 'Gergely', 'Südi Gergely', 'sudig', 'd4222c71bc8cf3598febb5e4902f0d2d682388f4', '11. c', 4193390, 4, 4),
(472, 'Dávid', 'Süvegh Dávid', 'suveghd', '1a935314579adfe8dc18db6ae1e8aec4df941a93', '12. a', 4201316, 0, 0),
(473, 'Dorina', 'Szablár Dorina', 'szablard', '33ce626324e00b6dc111a049de341bf7a11edbef', '9/Ny b', 4209242, 4, 4),
(474, 'Ádám', 'Szabó Ádám', 'szaboa', 'f31075578212b3201efee5e136cf3ebba382f578', '12. b', 4217168, 4, 4),
(475, 'Bendegúz', 'Szabó Bendegúz', 'szabob', 'b10ce99068acd28cf0528e80b24aea69deb91432', '11. b', 4225094, 4, 4),
(476, 'Boldizsár', 'Szabó Boldizsár', 'szaboboldizsar', '10e58d10188e5d154e3cc7deeae7f8f1d1662f1b', '9/Ny b', 4233020, 4, 4),
(477, 'Csongor', 'Szabó Csongor', 'szabocs', '2d65454a086b58f350a6358cefce94fd9b2990e0', '7. a', 4240946, 4, 4),
(478, 'Dorottya Klára', 'Szabó Dorottya Klára', 'szabod', '40044f0363c352580e0058b7065a94c0dd82705f', '12. b', 4248872, 4, 4),
(479, 'Lili', 'Szabó Lili', 'szabol', '3afc3aa49b824341bfe880309e7e2caeb78f125a', '11. a', 4256798, 4, 4),
(480, 'Martin', 'Szabó Martin', 'szabomartin', 'bff77a4460f38cb0361c54b6a365e4b11fc331e1', '10. c', 4264724, 4, 4),
(481, 'Nóra Veronika', 'Szacsvay Nóra Veronika', 'szacsvayn', '824e12eac8a0e432e7f728797bfbccbae2fb091f', '10. c', 4272650, 4, 4),
(482, 'Márk Dániel', 'Szalai Márk Dániel', 'szalaim', 'f1b620e8d700498a4cd504874f934268b7c9acde', '12. d', 4280576, 4, 4),
(483, 'Noémi Zita', 'Szaniszló Noémi Zita', 'szaniszlon', '7a43dda3b20ae62e056dec938ab4b56abf81f8c3', '9/Ny c', 4288502, 4, 4),
(484, 'Vica', 'Szarka Vica', 'szarkav', 'ebc236fcefd8c1c744c90a53a07f915531c0e683', '8. a', 4296428, 4, 4),
(485, 'Dániel', 'Szarvas Dániel', 'szarvasd', '88c0a4eaed8e9544f510f10777562dea4af8849a', '9. a', 4304354, 4, 4),
(486, 'Bence', 'Szeidl Bence', 'szeidlb', '16b8cf54fbab8b848e4031403513b6553b20820e', '12. a', 4312280, 4, 4),
(487, 'Ilka', 'Szeidl Ilka', 'szeidli', 'd25cdfdecc31b498ff00f2ccabe422fe782ebaaa', '9/Ny b', 4320206, 4, 4),
(488, 'Anna Emese', 'Székely Anna Emese', 'szekelya', '37ad8b71e0c8e8c6fd7faa4986d92d5143f1d900', '9. a', 4328132, 4, 4),
(489, 'Dorka', 'Székely Dorka', 'szekelyd', '7106092efe6573d1bb8660f7d3f2d5a31c155639', '10. a', 4336058, 4, 4),
(490, 'Levente', 'Székely Levente', 'szekelyl', '291287983a739aab293d71f9a470054238157336', '12. d', 4343984, 4, 4),
(491, 'Levente', 'Székely Levente', 'szekelyl9', '0fa7629c2d2416d5c50180fcde83221f28b43ee3', '9/Ny c', 4351910, 4, 4),
(492, 'Dániel', 'Szemethy Dániel', 'szemethyd', 'ed4464efe99cbf46f5ac6b406b54100b9654492e', '9. c', 4359836, 4, 4),
(493, 'Szilvia Vanda', 'Szepesi Szilvia Vanda', 'szepesis', 'b4717c263e178b78bb7546769114232d3fb0a89f', '9. b', 4367762, 4, 4),
(494, 'Sarolta Anna', 'Szigeti Sarolta Anna', 'szigetis', '65ba9d91b1ab3ebd0e62afbe4cadbdb2559e6fc1', '8. a', 4375688, 4, 4),
(495, 'Andrea Tímea', 'Szikszai Andrea Tímea', 'szikszaia', '74a09dc126d975cdca2eba7fc6c029ecf980b65b', '12. b', 4383614, 4, 4),
(496, 'Szonja', 'Szikszai Szonja', 'szikszais', 'a895c382818283bdf539df6974d2b2ce7998cddd', '8. a', 4391540, 4, 4),
(497, 'Adam', 'Szilágyi Adam', 'szilagyiadam', '0b09250350f01117da43c12237db329552921802', '9. c', 4399466, 4, 4),
(498, 'Dávid', 'Szilágyi Dávid', 'szilagyid', 'e85667a0e100e4199b165a2ac9464dde92a83090', '12. c', 4407392, 4, 4),
(499, 'Tas Ferenc', 'Szilágyi Tas Ferenc', 'szilagyit', 'b352beb7b764c48981a44dfa4a0e3a597fe7b9aa', '10. a', 4415318, 4, 4),
(500, 'Bence Samu', 'Szőcs Bence Samu', 'szocsb', 'e164a7b04ad96a85020ca86416576599f6f873ed', '7. a', 4423244, 4, 4),
(501, 'Máté Soma', 'Szőcs Máté Soma', 'szocsm', '4c6c01607fa3f1670c7316818be164ae3e5442e7', '9. a', 4431170, 4, 4),
(502, 'Enikő', 'Szőke Enikő', 'szokee', '9e743c2fdbc26ef14172c5d8abb4a903ef95abeb', '11. d', 4439096, 4, 4),
(503, 'Nóra', 'Szolek Nóra', 'szolekn', 'ddba2e0f823a23faa8418bde37ce7561b2481ab1', '10. a', 4447022, 4, 4),
(504, 'Réka', 'Szolek Réka', 'szolekr', 'bc7df32975aa34ff75e82717801e2241c93a89f4', '8. a', 4454948, 4, 4),
(505, 'Bálint', 'Szőllősi Bálint', 'szollosib', '670a8f2743d6994fc4dea706aee9a7785017b27e', '12. d', 4462874, 4, 4),
(506, 'Huba', 'Szondy Huba', 'szondyh', '527b45fa9393bda3ebbc2e6d5bf8145cbce98ed5', '11. d', 4470800, 4, 4),
(507, 'Zsolt', 'Szondy Zsolt', 'szondyz', '2a80fadb85ed8c0819a0866748209051239f3ee5', '11. b', 4478726, 4, 4),
(508, 'Anna', 'Szücs Anna', 'szucsa', 'c533424d93324b405a61c26fd834b270551294fe', '11. b', 4486652, 4, 4),
(509, 'Alexandra Nikolett', 'Szundy Alexandra Nikolett', 'szundya', 'd7a50e490a2bfb784873c89895653a7d2b8e7a83', '11. b', 4494578, 4, 4),
(510, 'Dominik Dániel', 'Szundy Dominik Dániel', 'szundyd', '783bf0cbcf72fae406f044709a32e8ad9cc80d46', '9/Ny b', 4502504, 4, 4),
(511, 'Máté Bendegúz', 'Tagai Máté Bendegúz', 'tagaim', '49cad3649f046a84eda9e70b8cc62436da5a0b51', '11. c', 4510430, 4, 4),
(512, 'Egon Kolos', 'Takács Egon Kolos', 'takacse', 'cff3c13008ecaf4626bbab22599c6cc2e74b5c06', '11. d', 4518356, 4, 4),
(513, 'Kitti', 'Takács Kitti', 'takacsk', 'b00d57d30589129ca5ed6ce1b7ee3f0b621df4e4', '9/Ny b', 4526282, 4, 4),
(514, 'Teodóra', 'Takács Teodóra', 'takacst', '91f3e086425ab4bb430bc39f617025010d14f972', '8. a', 4534208, 4, 4),
(515, 'Gréta', 'Tamás Gréta', 'tamasg', '1d4c368fdad8937ae33b6e2246a878e614de5483', '11. a', 4542134, 4, 4),
(516, 'Panni Titti', 'Tankó Panni Titti', 'tankop', '6957cf19be09eee3cd4fc7e4ed18916e8487f843', '12. c', 4550060, 4, 4),
(517, 'Júlia', 'Tarján Júlia', 'tarjanj', 'f04fe4dc364c4c8d830c0aa347c38e99aafa3356', '8. a', 4557986, 4, 4),
(518, 'Rozina', 'Tarján Rozina', 'tarjanr', '5ffb663a8b7332212456f6a623e29ac21ef7f6b4', '9. c', 4565912, 4, 4),
(519, 'Áron', 'Tárkányi Áron', 'tarkanyia', '899c4847b6682cb350d7b1e1de6161d78c4fc95e', '10. a', 4573838, 4, 4),
(520, 'Szilvia', 'Tarnai Szilvia', 'tarnais', '139d54689a12c75f2ee0300028eec8d10b12ef26', '12. c', 4581764, 4, 4),
(521, 'Bálint', 'Telek Bálint', 'telekb', '1cba7c9bf6cee764be5eb13a0063e961bc80429c', '10. a', 4589690, 4, 4),
(522, 'Fanni', 'Temesvári Fanni', 'temesvarif', 'f4b79f72a6388b4c13fb9f15cdb69304efdebe6d', '12. a', 4597616, 4, 4),
(523, 'Dóra Terézia', 'Tempfli Dóra Terézia', 'tempflid', 'ae2df11a4e7c650714785dbbdc9639f0329b071d', '9. a', 4605542, 4, 4),
(524, 'Nanami', 'Teramoto Nanami', 'teramoton', '6158d7673c094a7f815f58aee315cf44fd62f3ff', '10. b', 4613468, 4, 4),
(525, 'Emma Kathleen', 'Thomson Emma Kathleen', 'thomsone', '610969ef69ff3d12bf05db8ff8147b1484caac6f', '11. b', 4621394, 4, 4),
(526, 'Csenge Panna', 'Tihanyi Csenge Panna', 'tihanyic', 'c511e9fe39434463ce949ba2c37c517391b6706b', '10. b', 4629320, 4, 4),
(527, 'Borbála', 'Tilesch Borbála', 'tileschb', '58a2de1c62886a6f6b977258d7e2078122290f84', '12. c', 4637246, 4, 4),
(528, 'Orsolya', 'Tillai Orsolya', 'tillaio', '0461fb8430802d2a59e5b174bbef1b56e1c9c5a7', '9. b', 4645172, 4, 4),
(529, 'Ábel', 'Tóth-Meisels Ábel', 'tmabel', 'fcdd7ff2e0c94676ea25626bf7afb7bc6259393a', '12. a', 4653098, 4, 4),
(530, 'Patrícia Ivett', 'Tóbiás Patrícia Ivett', 'tobiasp', '6cd0525b29ea00b80810a2db7ea58dc249a954b1', '12. a', 4661024, 4, 4),
(531, 'Evelin', 'Tőcsér Evelin', 'tocsere', '7416b84d30be686e45c9ee96b7275a60239e82d6', '9. a', 4668950, 4, 4),
(532, 'Antónia', 'Tőkés Antónia', 'tokesa', '4cc8f15303bb6f42666873db87335a1d7f989a39', '9. b', 4676876, 4, 4),
(533, 'Noémi Katalin', 'Toma Noémi Katalin', 'toman', '274b4c687d8f080d945481a9e73ec6dc3dee3a23', '9/Ny b', 4684802, 4, 4),
(534, 'Kata Zorka', 'Tonomár Kata Zorka', 'tonom?rk', 'd26de1dba19e690265e654fcf7142ca65ebfdf9f', '8. a', 4692728, 4, 4),
(535, 'Dorina', 'Tornyai Dorina', 'tornyaid', '11748cfba670b03315c8857a853a4210ab621fd0', '11. b', 4700654, 4, 4),
(536, 'Balázs', 'Török Balázs', 'torokb', '84330272099a58848eb8995c51e528ff0f73f9da', '11. d', 4708580, 4, 4),
(537, 'Réka', 'Török Réka', 'torokr', 'fa2ced2ebcc4ea8d6e8445f06d462514a6511056', '7. a', 4716506, 4, 4),
(538, 'Angéla', 'Tóth Angéla', 'totha', '18392b223f961294065413666aa9d9b87097c59e', '11. b', 4724432, 4, 4),
(539, 'András Sándor', 'Tóth András Sándor', 'tothandras', '36d822380c705dcd5ba43babdfd115e43f58c6a9', '10. c', 4732358, 4, 4),
(540, 'András Máté', 'Tóth András Máté', 'tothandrasmate', '4f1a5e38d25c8095f9e31d22300e104dc49c4903', '9. b', 4740284, 4, 4),
(541, 'Bálint Barnabás', 'Tóth Bálint Barnabás', 'tothb', '1d24dfb5e641cdcd1b3a804de55274f1eff885da', '9/Ny b', 4748210, 4, 4),
(542, 'Benjamin', 'Tóth Benjamin', 'tothbenjamin', 'c21e38db9d8661d3a2da568a7bc54c6b834c3132', '10. a', 4756136, 4, 4),
(543, 'Fanni Eszter', 'Tóth Fanni Eszter', 'tothf', 'ca7544d8d7b213ba40cb6f7355c3be9a729ea22f', '11. b', 4764062, 4, 4),
(544, 'Kornél', 'Tóth Kornél', 'tothkornel', '4477315e23d5e9774600575ad767ae72e8c9b96c', '11. b', 4771988, 4, 4),
(545, 'Barbara Vanda', 'Tóth-Krupa Barbara Vanda', 'toth-krupab', '69ea7c1438e1433f4cc6b21e6dfcb8a09007585d', '12. c', 4779914, 4, 4),
(546, 'Luca Lotti', 'Tóth Luca Lotti', 'tothl', '261ea79a4d0e7dace4cf5f69278c681eb8af1cec', '8. a', 4787840, 4, 4),
(547, 'Lili', 'Tóth Lili', 'tothlili', 'c19eaf2fee59444aecbdb7e1ad5d3cc1b5cdb17a', '9. b', 4795766, 4, 4),
(548, 'Lotti', 'Tóth Lotti', 'tothlotti', '42a7de8328b5c0bee0203fda9c4db6c46a7465f2', '9/Ny b', 4803692, 4, 4),
(549, 'Márton András', 'Tóth Márton András', 'tothm', '0c0a6df73505078c1e7a9c25b1780c2c2a968df4', '9/Ny b', 4811618, 4, 4),
(550, 'Péter Norbert', 'Tóth Péter Norbert', 'tothp', '162b4fbfbec37aee775a2da96eac8db9f464ef42', '7. a', 4819544, 4, 4),
(551, 'Szonja Kinga', 'Tóth Szonja Kinga', 'tothsz', 'cc3d1ed0607aa768e0de7c1c46c1e4a7a1cb42d8', '12. b', 4827470, 4, 4),
(552, 'Vanessza Tünde', 'Tóth Vanessza Tünde', 'tothvanessza', '9a1b696845bf316f02d3b7db947cb551bbbc9438', '10. b', 4835396, 4, 4),
(553, 'Vivien', 'Tóth Vivien', 'tothvivien', '56f295f380ae97db59e92bc5e844d68feedf1e8e', '11. b', 4843322, 4, 4),
(554, 'Márton', 'Trifusz Márton', 'trifuszm', '5f5b3fae60aac0f43a8cb3130922a88771a67d51', '12. c', 4851248, 4, 4),
(555, 'Emese', 'Turbék Emese', 'turbeke', 'd1b07472bdb031f43dad92c0683a42fde680e2c0', '9. c', 4859174, 4, 4),
(556, 'Zsófia Eszter', 'Turcsik Zsófia Eszter', 'turcsikzs', 'ab288286cd942c33a078192b29b6b88568b2b4f2', '11. a', 4867100, 4, 4),
(557, 'András Levente', 'Turnai András Levente', 'turnaia', '11f1ba82bcaaceae6d216142e0f0f465667ba2de', '10. b', 4875026, 4, 4),
(558, 'Péter', 'Tuska Péter', 'tuskap', '2e87852e30b6089341f4a4fd19a995008ccd1a58', '7. a', 4882952, 4, 4),
(559, 'Boglárka', 'Ulrich Boglárka', 'ulrichb', '3dcf8afbffac4cfec6923b27168101dc59f6be51', '10. c', 4890878, 4, 4),
(560, 'Péter Ágoston', 'Urbán Péter Ágoston', 'urbanp', '726d7a49d8117b6de056f0793857b6b7de8da4cc', '10. c', 4898804, 4, 4),
(561, 'Bese', 'Ürögi Bese', 'urogib', '25f00b6a3d7cb1a33e45736e4aaba476faf50cc5', '12. c', 4906730, 4, 4),
(562, 'Balázs', 'Vajda Balázs', 'vajdab', '666fae750d1766497e2d99f6074a310845d26427', '10. a', 4914656, 4, 4),
(563, 'Péter', 'Vakán Péter', 'vakanp', 'ccaf622bcb132452654005ff7fd2a56c0f482dc0', '9. b', 4922582, 4, 4),
(564, 'Zsófia', 'Vallyon Zsófia', 'vallyonz', '9d3b58ca2bdd090758a7a2496aed14d3923d9ace', '9. b', 4930508, 4, 4),
(565, 'Dávid', 'Vámosi Dávid', 'vamosid', '956e29e362999a8f0b93cd96d3c54c726a046e95', '7. a', 4938434, 4, 4),
(566, 'Benjamin Johannes', 'Van Stein Benjamin Johannes', 'vans', '66b09a04471cbf822198ec47845338cc7f0bb407', '11. d', 4946360, 4, 4),
(567, 'Kata', 'Váradi Kata', 'varadik', '33d5a8c5f326e072df3516f64f508bc4c31639ca', '9/Ny c', 4954286, 4, 4),
(568, 'Nóra', 'Váradi Nóra', 'varadin', 'fff34c1539a6eaa0803040dddf2f209cc6c9c3d6', '10. c', 4962212, 4, 4),
(569, 'Orsolya', 'Váradi Orsolya', 'varadio', '04bad8659338642161a4e9845ae5e09587f0dde3', '9. b', 4970138, 4, 4),
(570, 'Boglárka', 'Varga Boglárka', 'vargabo', 'faa2eda1336f732da7ca26d80c813672d2b8fb33', '11. d', 4978064, 4, 4),
(571, 'Eszter Csenge', 'Varga Eszter Csenge', 'vargaeszter', '9c154fed58bc967e7e44c997446a9e44bf4d5094', '9. a', 4985990, 4, 4),
(572, 'Lilla', 'Varga Lilla', 'vargal', '04891ce191bdf78b50a5712872c8ddfb9a6a2868', '9. a', 4993916, 4, 4),
(573, 'Máté', 'Varga-Tóth Máté', 'vargam', '6562909a0776a00ea7f8c6cc2228888249911682', '7. a', 5001842, 4, 4),
(574, 'Olivér', 'Varga-Tóth Olivér', 'varga-totho', 'ceec08e622e870918c6d39f37cef412bd1a0d91d', '11. b', 5009768, 4, 4),
(575, 'Nóra Eszter', 'Vasas Nóra Eszter', 'vasasn', '3b189ddf41677e0427940adc73bf4b47b99ec89f', '11. c', 5017694, 4, 4),
(576, 'Anna Csenge', 'Vass Anna Csenge', 'vassa', 'c708ed1f1dd18256b986ef3474df2c243dc92380', '10. a', 5025620, 4, 4),
(577, 'Dániel Nándor', 'Vass Dániel Nándor', 'vassd', 'bf55d28255f17531a8767a7348eb772747245398', '11. c', 5033546, 4, 4),
(578, 'László', 'Vass László', 'vassl', 'e3a84a488e9797f0dea870aaefca2c6b06997941', '8. a', 5041472, 4, 4),
(579, 'Roland', 'Vavrek Roland', 'vavrekr', '3283fc38ec6cf0da2835b52470971f92feb27394', '11. d', 5049398, 4, 4),
(580, 'Zsanka', 'Vavrek Zsanka', 'vavrekzs', '76e3af7312541ed5f33a550587eab310eadf619c', '9/Ny b', 5057324, 4, 4),
(581, 'Bence Péter', 'Veres Bence Péter', 'veresb', '7250f0599f8370c907a8e597e0ed3cafa4584464', '9. c', 5065250, 4, 4),
(582, 'László Dávid', 'Veres László Dávid', 'veresl', 'b03af142e504fc3bf22fd6b451d34b028b1d169f', '11. c', 5073176, 4, 4),
(583, 'Adrienn', 'Vermessy Adrienn', 'vermessya', '5fe83172bce6f2f803663d5ad54d51027a089a37', '9/Ny c', 5081102, 4, 4),
(584, 'Péter', 'Vezsenyi-Bagoly-Takács Péter', 'vezsenyip', '2069f8fc192c8faf0349e7a960c332d53a3d5773', '9. b', 5089028, 4, 4),
(585, 'Rebeka', 'Vigh Rebeka', 'vighr', 'bfa6d496a0088a99141a2453059a5701e0f63bbe', '12. c', 5096954, 4, 4),
(586, 'Anna', 'Vinkovits Anna', 'vinkovitsa', '329d7cf4f4aebdd61a7ea9ed2d03b54f127fd215', '12. a', 5104880, 4, 4),
(587, 'Áron', 'Vinkovits Áron', 'vinkovitsaron', 'aa8ea3bb94c25196214331200be5dbca54a8fa15', '7. a', 5112806, 4, 4),
(588, 'Vendel', 'Vinkovits Vendel', 'vinkovitsv', '055d38ba5d9eaa6132ba66dc1a89b35d6eec4b25', '11. d', 5120732, 4, 4),
(589, 'Anna', 'Virág Anna', 'viraganna', 'edf911533ba9b1258de0e76c2da56f0a14103ae0', '10. c', 5128658, 4, 4),
(590, 'Ádám', 'Vörös Ádám', 'vorosa', '58741b3f83fcb204c3eb2301a9a563b1d3c00da2', '9/Ny c', 5136584, 4, 4),
(591, 'Eszter Anita', 'Vörös Eszter Anita', 'vorose', '5d4ba8db4d40282de16182328cac1edb307cc1f5', '10. b', 5144510, 4, 4),
(592, 'Zorka', 'Vörös Zorka', 'vorosz', '76ff85f9ee3d6072758fd349bc485e717eb59d86', '10. c', 5152436, 4, 4),
(593, 'Viktor', 'Walde Viktor', 'waldev', '100bff3743095793bf812e47c13da264e5a24213', '11. b', 5160362, 4, 4),
(594, 'Ádám', 'Waller Ádám', 'wallera', '59d1246fac76771dd5c930f7993f8cfa66782a20', '9. c', 5168288, 4, 4),
(595, 'Zsigmond Zoltán', 'Wein Zsigmond Zoltán', 'weinzs', '1d072e96befb53e3f61b806581c61d8c50a1aa82', '9/Ny b', 5176214, 4, 4),
(596, 'Anikó', 'Wiezner Anikó', 'wieznera', 'e355a8f5e59f40730d561916d4dcc5786c95d968', '9/Ny c', 5184140, 4, 4),
(597, 'Bálint Ferenc', 'Wirth Bálint Ferenc', 'wirthb', '2a1eaacac9fdb9c0e427d732ad7035f9ca064778', '10. a', 5192066, 4, 4),
(598, 'Yayi', 'Ye Yayi', 'yey', '6c64bd648f1963933ccc733d231c6c28877c9b72', '10. a', 5199992, 4, 4),
(599, 'Levente Attila', 'Zách Levente Attila', 'zachl', '63462c7b1a1092def83e8b643cf0c2ce82c04b96', '11. d', 5207918, 4, 4),
(600, 'Dániel Imre', 'Zana Dániel Imre', 'zanad', 'ac2406f41e2da0f24563088dd35a5e072b414aea', '11. c', 5215844, 4, 4),
(601, 'Klaudia Olimpia', 'Zana Klaudia Olimpia', 'zanak', '07a41ff70a3859fb367291877508e4d70749c289', '10. c', 5223770, 4, 4),
(602, 'Dániel', 'Zelei Dániel', 'zeleid', '21e38189c2f2df36504b73d17c87972bf4954d6d', '7. a', 5231696, 4, 4),
(603, 'Barnabás', 'Zentai Barnabás', 'zentaib', '38d94a7316c90b36f718ad5b94c079b5f4c77758', '11. c', 5239622, 4, 4),
(604, 'Eszter', 'Zöldesi Eszter', 'zoldesie', '4ba4bbd144072bf10bf2b8d4718304e72afa3586', '9. a', 5247548, 4, 4),
(605, 'Dániel', 'Zoltai Dániel', 'zoltaid', 'c229dcb9db927adbf102c7ffc59972bd37fe8329', '9. c', 5255474, 4, 4),
(606, 'Maja', 'Zombor Maja', 'zomborm', 'd7dd60219803694796079c5fd63719ef8d7723e9', '12. b', 5263400, 4, 4),
(607, 'András Imre', 'Zorányi András Imre', 'zoranyia', '322a0808b508dc5bd5e951e2675dcbd7615afb79', '10. a', 5271326, 4, 4),
(608, 'Benjámin', 'Zsigovics Benjámin', 'zsigovicsb', '44efc204e3e6ec38f9baa4f82031146c65724a81', '10. c', 5279252, 4, 4),
(609, 'Lilla Csenge', 'Zsolnai Lilla Csenge', 'zsolnail', '814b32c825402f4288021e2fa64d406e982acc8d', '12. b', 5287178, 4, 4),
(610, 'Regő Botond', 'Zsolnai Regő Botond', 'zsolnair', 'c6233c7976f0e3086ed84733c2c25bbbae76b021', '11. a', 5295104, 4, 4),
(611, 'Réka', 'Zsuppán Réka', 'zsuppanr', 'de3eabba239f91cbf89594de2989bb6d5c53ae67', '8. a', 5303030, 4, 4),
(612, 'proba', 'Próba Teszt', 'probat', '954e28be3de1c612e86b966b117027a80f955760', '13.x', 1, 4, 4);

/*!40101 SET CHARACTER_SET_CLIENT=@OLD_CHARACTER_SET_CLIENT */;
/*!40101 SET CHARACTER_SET_RESULTS=@OLD_CHARACTER_SET_RESULTS */;
/*!40101 SET COLLATION_CONNECTION=@OLD_COLLATION_CONNECTION */;
